
SET NAMES utf8mb4;
SET FOREIGN_KEY_CHECKS = 0;

-- ----------------------------
-- Table structure for act_evt_log
-- ----------------------------
DROP TABLE IF EXISTS `act_evt_log`;
CREATE TABLE `act_evt_log`  (
  `LOG_NR_` bigint(20) NOT NULL AUTO_INCREMENT,
  `TYPE_` varchar(64) CHARACTER SET utf8 COLLATE utf8_bin NULL DEFAULT NULL,
  `PROC_DEF_ID_` varchar(64) CHARACTER SET utf8 COLLATE utf8_bin NULL DEFAULT NULL,
  `PROC_INST_ID_` varchar(64) CHARACTER SET utf8 COLLATE utf8_bin NULL DEFAULT NULL,
  `EXECUTION_ID_` varchar(64) CHARACTER SET utf8 COLLATE utf8_bin NULL DEFAULT NULL,
  `TASK_ID_` varchar(64) CHARACTER SET utf8 COLLATE utf8_bin NULL DEFAULT NULL,
  `TIME_STAMP_` timestamp(3) NOT NULL DEFAULT CURRENT_TIMESTAMP(3) ON UPDATE CURRENT_TIMESTAMP(3),
  `USER_ID_` varchar(255) CHARACTER SET utf8 COLLATE utf8_bin NULL DEFAULT NULL,
  `DATA_` longblob NULL,
  `LOCK_OWNER_` varchar(255) CHARACTER SET utf8 COLLATE utf8_bin NULL DEFAULT NULL,
  `LOCK_TIME_` timestamp(3) NULL DEFAULT NULL,
  `IS_PROCESSED_` tinyint(4) NULL DEFAULT 0,
  PRIMARY KEY (`LOG_NR_`) USING BTREE
) ENGINE = InnoDB AUTO_INCREMENT = 1 CHARACTER SET = utf8 COLLATE = utf8_bin ROW_FORMAT = Dynamic;

-- ----------------------------
-- Table structure for act_ge_bytearray
-- ----------------------------
DROP TABLE IF EXISTS `act_ge_bytearray`;
CREATE TABLE `act_ge_bytearray`  (
  `ID_` varchar(64) CHARACTER SET utf8 COLLATE utf8_bin NOT NULL,
  `REV_` int(11) NULL DEFAULT NULL,
  `NAME_` varchar(255) CHARACTER SET utf8 COLLATE utf8_bin NULL DEFAULT NULL,
  `DEPLOYMENT_ID_` varchar(64) CHARACTER SET utf8 COLLATE utf8_bin NULL DEFAULT NULL,
  `BYTES_` longblob NULL,
  `GENERATED_` tinyint(4) NULL DEFAULT NULL,
  PRIMARY KEY (`ID_`) USING BTREE,
  INDEX `ACT_FK_BYTEARR_DEPL`(`DEPLOYMENT_ID_`) USING BTREE,
  CONSTRAINT `act_ge_bytearray_ibfk_1` FOREIGN KEY (`DEPLOYMENT_ID_`) REFERENCES `act_re_deployment` (`ID_`) ON DELETE RESTRICT ON UPDATE RESTRICT
) ENGINE = InnoDB CHARACTER SET = utf8 COLLATE = utf8_bin ROW_FORMAT = Dynamic;

-- ----------------------------
-- Records of act_ge_bytearray
-- ----------------------------
INSERT INTO `act_ge_bytearray` VALUES ('15002', 1, 'source', NULL, 0x7B226964223A2263616E766173222C227265736F757263654964223A2263616E766173222C2270726F70657274696573223A7B2270726F636573735F617574686F72223A22627920656E7466726D222C2270726F636573735F6964223A22427573696E657373222C226E616D65223A22E587BAE5B7AEE6B581E7A88B227D2C227374656E63696C736574223A7B226E616D657370616365223A22687474703A2F2F62336D6E2E6F72672F7374656E63696C7365742F62706D6E322E3023227D7D, NULL);
INSERT INTO `act_ge_bytearray` VALUES ('2', 5, 'source', NULL, 0x7B227265736F757263654964223A2231222C2270726F70657274696573223A7B2270726F636573735F6964223A224C65617665222C226E616D65223A22E8AFB7E58187E6B581E7A88B222C22646F63756D656E746174696F6E223A22222C2270726F636573735F617574686F72223A22627920656E7466726D222C2270726F636573735F76657273696F6E223A22222C2270726F636573735F6E616D657370616365223A22687474703A2F2F7777772E61637469766974692E6F72672F70726F63657373646566222C22657865637574696F6E6C697374656E657273223A22222C226576656E746C697374656E657273223A22222C227369676E616C646566696E6974696F6E73223A22222C226D657373616765646566696E6974696F6E73223A22227D2C227374656E63696C223A7B226964223A2242504D4E4469616772616D227D2C226368696C64536861706573223A5B7B227265736F757263654964223A227369642D34334331313138442D323242312D344137372D383343432D323445464336323038364438222C2270726F70657274696573223A7B226F766572726964656964223A22222C226E616D65223A22E5BC80E5A78B222C22646F63756D656E746174696F6E223A22222C22657865637574696F6E6C697374656E657273223A22222C22696E69746961746F72223A22222C22666F726D6B6579646566696E6974696F6E223A22222C22666F726D70726F70657274696573223A22227D2C227374656E63696C223A7B226964223A2253746172744E6F6E654576656E74227D2C226368696C64536861706573223A5B5D2C226F7574676F696E67223A5B7B227265736F757263654964223A227369642D38374134413634392D323333302D343437462D413845412D383130393630384537354337227D5D2C22626F756E6473223A7B226C6F7765725269676874223A7B2278223A3231362E352C2279223A3230357D2C2275707065724C656674223A7B2278223A3138362E352C2279223A3137357D7D2C22646F636B657273223A5B5D7D2C7B227265736F757263654964223A227369642D44444142414537362D374346452D343930382D393244462D303439304146373841334144222C2270726F70657274696573223A7B227461736B6C697374656E657273223A7B227461736B4C697374656E657273223A5B7B226576656E74223A22637265617465222C22696D706C656D656E746174696F6E223A22636F6D2E656E7466726D2E62697A2E61637469766974692E6C697374656E65722E4C656176655461736B4C697374656E6572222C22636C6173734E616D65223A22636F6D2E656E7466726D2E62697A2E61637469766974692E6C697374656E65722E4C656176655461736B4C697374656E6572222C2265787072657373696F6E223A22222C2264656C656761746545787072657373696F6E223A22227D5D7D2C226F766572726964656964223A2275736572222C226E616D65223A22E8AFB7E58187E794B3E8AFB7222C22646F63756D656E746174696F6E223A22222C226173796E6368726F6E6F7573646566696E6974696F6E223A2266616C7365222C226578636C7573697665646566696E6974696F6E223A2266616C7365222C22657865637574696F6E6C697374656E657273223A22222C226D756C7469696E7374616E63655F74797065223A224E6F6E65222C226D756C7469696E7374616E63655F63617264696E616C697479223A22222C226D756C7469696E7374616E63655F636F6C6C656374696F6E223A22222C226D756C7469696E7374616E63655F7661726961626C65223A22222C226D756C7469696E7374616E63655F636F6E646974696F6E223A22222C226973666F72636F6D70656E736174696F6E223A2266616C7365222C22757365727461736B61737369676E6D656E74223A22222C22666F726D6B6579646566696E6974696F6E223A22222C2264756564617465646566696E6974696F6E223A22222C227072696F72697479646566696E6974696F6E223A22222C22666F726D70726F70657274696573223A22227D2C227374656E63696C223A7B226964223A22557365725461736B227D2C226368696C64536861706573223A5B5D2C226F7574676F696E67223A5B7B227265736F757263654964223A227369642D36463143453933462D333731382D343539362D394638442D303136434531313842393736227D5D2C22626F756E6473223A7B226C6F7765725269676874223A7B2278223A3337302C2279223A3233307D2C2275707065724C656674223A7B2278223A3237302C2279223A3135307D7D2C22646F636B657273223A5B5D7D2C7B227265736F757263654964223A227369642D38374134413634392D323333302D343437462D413845412D383130393630384537354337222C2270726F70657274696573223A7B226F766572726964656964223A22222C226E616D65223A22222C22646F63756D656E746174696F6E223A22222C22636F6E646974696F6E73657175656E6365666C6F77223A22222C22657865637574696F6E6C697374656E657273223A22222C2264656661756C74666C6F77223A2266616C7365227D2C227374656E63696C223A7B226964223A2253657175656E6365466C6F77227D2C226368696C64536861706573223A5B5D2C226F7574676F696E67223A5B7B227265736F757263654964223A227369642D44444142414537362D374346452D343930382D393244462D303439304146373841334144227D5D2C22626F756E6473223A7B226C6F7765725269676874223A7B2278223A3236392E303037383132352C2279223A3139307D2C2275707065724C656674223A7B2278223A3231372E333132352C2279223A3139307D7D2C22646F636B657273223A5B7B2278223A31352C2279223A31357D2C7B2278223A35302C2279223A34307D5D2C22746172676574223A7B227265736F757263654964223A227369642D44444142414537362D374346452D343930382D393244462D303439304146373841334144227D7D2C7B227265736F757263654964223A227369642D36463143453933462D333731382D343539362D394638442D303136434531313842393736222C2270726F70657274696573223A7B226F766572726964656964223A22222C226E616D65223A22222C22646F63756D656E746174696F6E223A22222C22636F6E646974696F6E73657175656E6365666C6F77223A22222C22657865637574696F6E6C697374656E657273223A22222C2264656661756C74666C6F77223A2266616C7365227D2C227374656E63696C223A7B226964223A2253657175656E6365466C6F77227D2C226368696C64536861706573223A5B5D2C226F7574676F696E67223A5B7B227265736F757263654964223A227369642D44344232353033382D463642362D343734312D423730352D353239443437393045344432227D5D2C22626F756E6473223A7B226C6F7765725269676874223A7B2278223A3431342E31353632352C2279223A3139307D2C2275707065724C656674223A7B2278223A3337302E38343337352C2279223A3139307D7D2C22646F636B657273223A5B7B2278223A35302C2279223A34307D2C7B2278223A35302C2279223A34307D5D2C22746172676574223A7B227265736F757263654964223A227369642D44344232353033382D463642362D343734312D423730352D353239443437393045344432227D7D2C7B227265736F757263654964223A227369642D44344232353033382D463642362D343734312D423730352D353239443437393045344432222C2270726F70657274696573223A7B227461736B6C697374656E657273223A22222C226F766572726964656964223A22222C226E616D65223A22E5AEA1E689B9222C22646F63756D656E746174696F6E223A22222C226173796E6368726F6E6F7573646566696E6974696F6E223A2266616C7365222C226578636C7573697665646566696E6974696F6E223A2266616C7365222C22657865637574696F6E6C697374656E657273223A22222C226D756C7469696E7374616E63655F74797065223A224E6F6E65222C226D756C7469696E7374616E63655F63617264696E616C697479223A22222C226D756C7469696E7374616E63655F636F6C6C656374696F6E223A22222C226D756C7469696E7374616E63655F7661726961626C65223A22222C226D756C7469696E7374616E63655F636F6E646974696F6E223A22222C226973666F72636F6D70656E736174696F6E223A2266616C7365222C22757365727461736B61737369676E6D656E74223A22222C22666F726D6B6579646566696E6974696F6E223A22222C2264756564617465646566696E6974696F6E223A22222C227072696F72697479646566696E6974696F6E223A22222C22666F726D70726F70657274696573223A22227D2C227374656E63696C223A7B226964223A22557365725461736B227D2C226368696C64536861706573223A5B5D2C226F7574676F696E67223A5B7B227265736F757263654964223A227369642D46413231383541412D443132442D344332362D424135362D324441344432363144303143227D5D2C22626F756E6473223A7B226C6F7765725269676874223A7B2278223A3531352C2279223A3233307D2C2275707065724C656674223A7B2278223A3431352C2279223A3135307D7D2C22646F636B657273223A5B5D7D2C7B227265736F757263654964223A227369642D41313431423544382D373435302D343942332D414636382D453835363930364137424443222C2270726F70657274696573223A7B226F766572726964656964223A22222C226E616D65223A22222C22646F63756D656E746174696F6E223A22222C22657865637574696F6E6C697374656E657273223A22227D2C227374656E63696C223A7B226964223A22456E644E6F6E654576656E74227D2C226368696C64536861706573223A5B5D2C226F7574676F696E67223A5B5D2C22626F756E6473223A7B226C6F7765725269676874223A7B2278223A3538382C2279223A3230347D2C2275707065724C656674223A7B2278223A3536302C2279223A3137367D7D2C22646F636B657273223A5B5D7D2C7B227265736F757263654964223A227369642D46413231383541412D443132442D344332362D424135362D324441344432363144303143222C2270726F70657274696573223A7B226F766572726964656964223A22222C226E616D65223A22222C22646F63756D656E746174696F6E223A22222C22636F6E646974696F6E73657175656E6365666C6F77223A22222C22657865637574696F6E6C697374656E657273223A22222C2264656661756C74666C6F77223A2266616C7365227D2C227374656E63696C223A7B226964223A2253657175656E6365466C6F77227D2C226368696C64536861706573223A5B5D2C226F7574676F696E67223A5B7B227265736F757263654964223A227369642D41313431423544382D373435302D343942332D414636382D453835363930364137424443227D5D2C22626F756E6473223A7B226C6F7765725269676874223A7B2278223A3535392E3337352C2279223A3139307D2C2275707065724C656674223A7B2278223A3531352E3339303632352C2279223A3139307D7D2C22646F636B657273223A5B7B2278223A35302C2279223A34307D2C7B2278223A31342C2279223A31347D5D2C22746172676574223A7B227265736F757263654964223A227369642D41313431423544382D373435302D343942332D414636382D453835363930364137424443227D7D5D2C22626F756E6473223A7B226C6F7765725269676874223A7B2278223A313230302C2279223A313035307D2C2275707065724C656674223A7B2278223A302C2279223A307D7D2C227374656E63696C736574223A7B2275726C223A227374656E63696C736574732F62706D6E322E302F62706D6E322E302E6A736F6E222C226E616D657370616365223A22687474703A2F2F62336D6E2E6F72672F7374656E63696C7365742F62706D6E322E3023227D2C227373657874656E73696F6E73223A5B5D7D, NULL);
INSERT INTO `act_ge_bytearray` VALUES ('2501', 1, 'source-extra', NULL, '', NULL);
INSERT INTO `act_ge_bytearray` VALUES ('7506', 1, '请假流程.bpmn20.xml', '7505', 0x3C3F786D6C2076657273696F6E3D22312E302220656E636F64696E673D225554462D38223F3E0A3C646566696E6974696F6E7320786D6C6E733D22687474703A2F2F7777772E6F6D672E6F72672F737065632F42504D4E2F32303130303532342F4D4F44454C2220786D6C6E733A7873693D22687474703A2F2F7777772E77332E6F72672F323030312F584D4C536368656D612D696E7374616E63652220786D6C6E733A7873643D22687474703A2F2F7777772E77332E6F72672F323030312F584D4C536368656D612220786D6C6E733A61637469766974693D22687474703A2F2F61637469766974692E6F72672F62706D6E2220786D6C6E733A62706D6E64693D22687474703A2F2F7777772E6F6D672E6F72672F737065632F42504D4E2F32303130303532342F44492220786D6C6E733A6F6D6764633D22687474703A2F2F7777772E6F6D672E6F72672F737065632F44442F32303130303532342F44432220786D6C6E733A6F6D6764693D22687474703A2F2F7777772E6F6D672E6F72672F737065632F44442F32303130303532342F44492220747970654C616E67756167653D22687474703A2F2F7777772E77332E6F72672F323030312F584D4C536368656D61222065787072657373696F6E4C616E67756167653D22687474703A2F2F7777772E77332E6F72672F313939392F585061746822207461726765744E616D6573706163653D22687474703A2F2F7777772E61637469766974692E6F72672F70726F63657373646566223E0A20203C70726F636573732069643D224C6561766522206E616D653D22E8AFB7E58187E6B581E7A88B2220697345786563757461626C653D2274727565223E0A202020203C73746172744576656E742069643D227369642D34334331313138442D323242312D344137372D383343432D32344546433632303836443822206E616D653D22E5BC80E5A78B223E3C2F73746172744576656E743E0A202020203C757365725461736B2069643D227573657222206E616D653D22E8AFB7E58187E794B3E8AFB7223E0A2020202020203C657874656E73696F6E456C656D656E74733E0A20202020202020203C61637469766974693A7461736B4C697374656E6572206576656E743D226372656174652220636C6173733D22636F6D2E656E7466726D2E62697A2E61637469766974692E6C697374656E65722E4C656176655461736B4C697374656E6572223E3C2F61637469766974693A7461736B4C697374656E65723E0A2020202020203C2F657874656E73696F6E456C656D656E74733E0A202020203C2F757365725461736B3E0A202020203C73657175656E6365466C6F772069643D227369642D38374134413634392D323333302D343437462D413845412D3831303936303845373543372220736F757263655265663D227369642D34334331313138442D323242312D344137372D383343432D32344546433632303836443822207461726765745265663D2275736572223E3C2F73657175656E6365466C6F773E0A202020203C73657175656E6365466C6F772069643D227369642D36463143453933462D333731382D343539362D394638442D3031364345313138423937362220736F757263655265663D227573657222207461726765745265663D227369642D44344232353033382D463642362D343734312D423730352D353239443437393045344432223E3C2F73657175656E6365466C6F773E0A202020203C757365725461736B2069643D227369642D44344232353033382D463642362D343734312D423730352D35323944343739304534443222206E616D653D22E5AEA1E689B9223E3C2F757365725461736B3E0A202020203C656E644576656E742069643D227369642D41313431423544382D373435302D343942332D414636382D453835363930364137424443223E3C2F656E644576656E743E0A202020203C73657175656E6365466C6F772069643D227369642D46413231383541412D443132442D344332362D424135362D3244413444323631443031432220736F757263655265663D227369642D44344232353033382D463642362D343734312D423730352D35323944343739304534443222207461726765745265663D227369642D41313431423544382D373435302D343942332D414636382D453835363930364137424443223E3C2F73657175656E6365466C6F773E0A20203C2F70726F636573733E0A20203C62706D6E64693A42504D4E4469616772616D2069643D2242504D4E4469616772616D5F4C65617665223E0A202020203C62706D6E64693A42504D4E506C616E652062706D6E456C656D656E743D224C65617665222069643D2242504D4E506C616E655F4C65617665223E0A2020202020203C62706D6E64693A42504D4E53686170652062706D6E456C656D656E743D227369642D34334331313138442D323242312D344137372D383343432D323445464336323038364438222069643D2242504D4E53686170655F7369642D34334331313138442D323242312D344137372D383343432D323445464336323038364438223E0A20202020202020203C6F6D6764633A426F756E6473206865696768743D2233302E30222077696474683D2233302E302220783D223138362E352220793D223137352E30223E3C2F6F6D6764633A426F756E64733E0A2020202020203C2F62706D6E64693A42504D4E53686170653E0A2020202020203C62706D6E64693A42504D4E53686170652062706D6E456C656D656E743D2275736572222069643D2242504D4E53686170655F75736572223E0A20202020202020203C6F6D6764633A426F756E6473206865696768743D2238302E30222077696474683D223130302E302220783D223237302E302220793D223135302E30223E3C2F6F6D6764633A426F756E64733E0A2020202020203C2F62706D6E64693A42504D4E53686170653E0A2020202020203C62706D6E64693A42504D4E53686170652062706D6E456C656D656E743D227369642D44344232353033382D463642362D343734312D423730352D353239443437393045344432222069643D2242504D4E53686170655F7369642D44344232353033382D463642362D343734312D423730352D353239443437393045344432223E0A20202020202020203C6F6D6764633A426F756E6473206865696768743D2238302E30222077696474683D223130302E302220783D223431352E302220793D223135302E30223E3C2F6F6D6764633A426F756E64733E0A2020202020203C2F62706D6E64693A42504D4E53686170653E0A2020202020203C62706D6E64693A42504D4E53686170652062706D6E456C656D656E743D227369642D41313431423544382D373435302D343942332D414636382D453835363930364137424443222069643D2242504D4E53686170655F7369642D41313431423544382D373435302D343942332D414636382D453835363930364137424443223E0A20202020202020203C6F6D6764633A426F756E6473206865696768743D2232382E30222077696474683D2232382E302220783D223536302E302220793D223137362E30223E3C2F6F6D6764633A426F756E64733E0A2020202020203C2F62706D6E64693A42504D4E53686170653E0A2020202020203C62706D6E64693A42504D4E456467652062706D6E456C656D656E743D227369642D38374134413634392D323333302D343437462D413845412D383130393630384537354337222069643D2242504D4E456467655F7369642D38374134413634392D323333302D343437462D413845412D383130393630384537354337223E0A20202020202020203C6F6D6764693A776179706F696E7420783D223231362E352220793D223139302E30223E3C2F6F6D6764693A776179706F696E743E0A20202020202020203C6F6D6764693A776179706F696E7420783D223237302E302220793D223139302E30223E3C2F6F6D6764693A776179706F696E743E0A2020202020203C2F62706D6E64693A42504D4E456467653E0A2020202020203C62706D6E64693A42504D4E456467652062706D6E456C656D656E743D227369642D46413231383541412D443132442D344332362D424135362D324441344432363144303143222069643D2242504D4E456467655F7369642D46413231383541412D443132442D344332362D424135362D324441344432363144303143223E0A20202020202020203C6F6D6764693A776179706F696E7420783D223531352E302220793D223139302E30223E3C2F6F6D6764693A776179706F696E743E0A20202020202020203C6F6D6764693A776179706F696E7420783D223536302E302220793D223139302E30223E3C2F6F6D6764693A776179706F696E743E0A2020202020203C2F62706D6E64693A42504D4E456467653E0A2020202020203C62706D6E64693A42504D4E456467652062706D6E456C656D656E743D227369642D36463143453933462D333731382D343539362D394638442D303136434531313842393736222069643D2242504D4E456467655F7369642D36463143453933462D333731382D343539362D394638442D303136434531313842393736223E0A20202020202020203C6F6D6764693A776179706F696E7420783D223337302E302220793D223139302E30223E3C2F6F6D6764693A776179706F696E743E0A20202020202020203C6F6D6764693A776179706F696E7420783D223431352E302220793D223139302E30223E3C2F6F6D6764693A776179706F696E743E0A2020202020203C2F62706D6E64693A42504D4E456467653E0A202020203C2F62706D6E64693A42504D4E506C616E653E0A20203C2F62706D6E64693A42504D4E4469616772616D3E0A3C2F646566696E6974696F6E733E, 0);
INSERT INTO `act_ge_bytearray` VALUES ('7507', 1, '请假流程.Leave.png', '7505', 0x89504E470D0A1A0A0000000D4948445200000256000000F00806000000C27F2AC500000F6A4944415478DAEDDD7D8895F59E0070FFB8D11F1111F44FB451B14B5C2276238816DA205A22820BDD3F8A319D9C4DD7244D1CD4E8AA3B6886642F16B5C21A458B116548482B92EBE8F832F88259D75A4B576F6AEA3439EAF5DAD4F5DD679FEF599FE1F138636766CE9C3333E7F3812FF39C17CF1CE77CCFF3FD9EDFF33BBF67C408000000000000000000000000000000000000000000000000000000000000000000000000000000000000000000000000000000000000000000000000000000000000000000000000000000000000000000000000000000000000000000000000000000000000000000000000000000000000000000000000000000000000000000000000000000000000000000000000000000000000000000000000000000000000000000000000000000000000000000000000000000000000000000000000000000000000000000000000000000000000000000000000000000000000000000000000000000000000000000000000000000000000000000000000000000000000000000000000000000000000000000000000000000000000000000000000000000000000000000000000000000000000000000000000000000000000000000000000000000000000000000000000000000000000000000000000A04A9224F9CDDEBD7B976ED9B2E5FC9A356B92E6E66651E158BD7A75B261C386A369D4CB21518B3904306C44416C6D6D4D3A3A3A92D3A74F8B2AC591234792F5EBD79F480BE4637248D45A0E010C1B31CAA0200E9AC278BAB9B979A71C12B5964300C3461CBA5190064FA445F1AC1C12B5964300C346CCCF508C0655514CE490A8B51C02A8B9C6EAE7BFB4277B3FFFCFE49BD5730B11DB719D42A628CA213904402F8A62E7F1B664C77F37255FAD78EE9288EBE236C54C632587E410002516C583DFFCD76505318B43DF2C57CC345672480E01506A51DCB9F6E51E8B62DCA69869ACE4901C02A0C4A2B8A3794E8F45316E53CC345672480E01A0282A8A72480E0150D9A218DFE0EAA928C66D8A99C64A0EC921004A2C8A7B362EECB128C66D8A99C64A0EC921004A2C8AC7DABE4E76AC9A7DF9219CF4BAB84D31D358C9213904C088D21777DCB7EDFDCB8A625CA790298A72480E01D09BA278EA54B267D37F5C7E0827BD2E6E53CC345672480E015042518C55B1776FFCF71EE7C7C46D56CED658C9213904C0958AE2A95349FB9E96E47F56CEECB1206611F789FB1A79D058C9213904A0B1EAE50883910745510EC921004A2C8AA58C305C69E44171D358C9213904A0B1BA187D2D8859286E1A2B392487003456425194437208004551519443426305A0280A8D95D0580168AC84A22887E410503356AD5AF5CF8B162D5AF6E28B2FB64F9E3CF94C4343C385912347264F3EF9643269D2A4B373E7CEED58B870E18A9696968735568A91A22887E4D0E0367AF4E8BFA9ABAB7B36DD8F2F4D634F1A9DB14F4FE3641AFBD2DB96A53FA7C7FD544028A3050B164C6F6A6A3ADED8D898BCFDF6DBC9962D5B92B6B6B6E4E4C99349889F1D1D1DC9175F7C912C5EBC3889FBCD9A35EBA7975F7E79AEC64A288A72480E0D2E4F3CF1C4EFD3684EE3F4C546AA94589BDEBF5E45847E78F5D557FF7EC68C196DD3A74FBF104DD3B973E792526DDFBE3D9939736692FEDB23AFBDF6DA3D1A2BA128CA2139545D6973746BDA1CADEC4533D55DB43EFEF8E37FA74242EF9BAAD913264C38BF7CF9F25E3554C556AE5C99C4E3A4CDD53C8D955014E5901CAA8EBABABA91A3468DFA73BE491A3D7A74F2D24B2F252D2D2DC9810307929F7EFAA9B0DFFEE5975F0A4725366EDC98BCF1C61B85E91E45CD55A7D12BE885458B16FDDBB3CF3E7B61F7EEDD4939ECDFBF3F89C75BB060C15B1A2BA128CA213954F1A6EA776923742EDF507DF0C10785291CA5387EFC78E1FEF1EFF20D56FA98FFAA62C2AF686A6A9A9A3641E74B7DC3952A1E2F1E77CE9C397FD0580945510EC9A1CA8D54E59BAAA953A71646A7FA22FEDD73CF3D57DC5C19B9829E3CFDF4D37F3B7EFCF833E51AA9EA6EE42A1E3F7D63FF83C64A288A72480E0DAC9853953FFC377BF6ECAEC37D7D158709E7CD9B577C58F0B72A2874A3B1B17177CCA91A4831E76AF2E4C9FB355642519443726860A54DD5EAFC48557F9BAA7C73553472D5AA824291B4D9193D6DDAB47367CE9C49065AFA863C97FEBE67345642519443726860C4920AF939557D3DFC77A5C382F939570E094291F4D3CC9F6249854AF8FAEBAF932953A61CD0580945510EC9A1016BAC9AB3A627269E0F848F3EFAC8A815742756D57DE699674EF7675985DE8A95DBE3F8FF50DB51A5F14F8AA2A22887E4D060CEA1D8A76713D66354E9D8B16303B21F8F6F0B162DC570AB8A0AA9499326CD7CE79D77CE2715149FA0D266EE85A1F477CA0D7937D7D5D5FDA3A2A828CA2139341873E8E2696A0AF77BE5955706745F1EEB5CE51AABE92A2AA4A64C99B2394E53534971D871F2E4C9DB866263958BCFBAFBE4A8282A8A72480E5533872E9EFBAF70FBBA75EB06745F1E8B88E69ECB7215155263C78E3DDCDEDE5ED1C62AD6B56A6868F8F3106FACBA3E39E6776C8AA2A22887E4503573E8E209950BD7977BD27AB158A13DF73C0EAAA890AAAFAF3F9D9D50B952E2F78D1A35EAEC7068ACF29F1C63685E515414E5901CAA660EA5F1D7EC72B99658B8D2D20BB9DF7D5245858B6FD46AE8E78940076D288A832BE490A8C51CCAA2D2FB721515FE7FC4EA549546ACCE0C9311ABCFE35C5C0F3CF0C06F2A7D18E7DB6FBF4DB66FDF7ED9F5E9D3287C41A0BB7FB36DDBB6E4FEFBEF4F1E7AE8A1E4B3CF3E4BEEB9E79EE4CB2FBF8CD7A370F9E69B6FEEF1F72D5BB62CB9F1C61BCBFA7C8C36543787CA11F1FABEF9E69BBF7A9FE9D3A7776DC762C4D9F6D6AD5B8D58953187623574235650454F3DF5547B35E6588D1933E6E8106FAC2E2986994A17C5AC30AD58B122FEA6C9A79F7E5AB8EEBDF7DE4B3EF9E493C2F68F3FFE78C9FD376FDE5CF8B96FDFBEC2CF0F3FFCB0F095ECECF6A54B9776DD7FCF9E3D5DDBF1D8B7DC724BD7E5D6D6D67E3F9F1A2F8A8322877A1BEBD7AF2FBCAED9EB7BD34D3725F7DE7B6F613B225EE7DB6EBBEDB2BC78F7DD77BBB623E78AB73556E5C92173ACA0CA1A1A1A96A785F65C251BABF85660FA7B570DD1C66A73AC6A5C5C0CAB5514B3C6274601EFBCF3CE4B1A99EE468AE2BA18598A9FB1586BFC8C91A8FCEDC597EFBEFBEEC2E336353525D75F7F7D326BD6ACAEDF53FCF8BD7D3E355A1407550EF5A599CF3743575F7D75327FFEFCAECB575D75553263C68CC2F677DF7DD79503E9FF37F9F8E38FBB72307BACC8C31849D5589527877C2B10AA2CD63C59B870E1B14A365669913D3ED4D63CE96974A15A45310A5356B062BBB3B3B32BE2BAF7DF7FBF6B3B2B5A71A82F2EEFDAB5ABF073D1A245C935D75C931C3C783079F0C107BB1EAFB8884631EC6EC42A7F5B5F9E4F0D16C54195437D8D13274E140E1FFFF0C30F85C846A3623B72ABBBC3C5C52356D1A0672398595EC6658D55FF73C83A565065B14AEFB871E38E5772E5F5F1E3C71F1BAEABF456AA28C6885056A4625E531C7A8B2667CD9A355D11A344F1331AA7B8EFEBAFBF5EB87FAC989C1DB28B9830614221E2BE77DC71C76505F14A23566BD7AEEDF3F3713A92A1D95865AF73BE598EC3C7B11D73A7A259EFEEFEB7DF7E7BA1A9CE0E4767D7DF75D75D0E0596799F9EEE5FCF5662E5F5FAFAFA0B565E876EA46F8EB569813D5189A62A2DBA9DE9EFDB325CFF96D5986395CD898AED98EB929FDB941DD68BC32D31D1347F28F0E1871F2E3456D13845518C2669443773B24A19B1EAEDF35114877E6375DF7DF775BDAE63C78E2D6CC768D5A38F3E7AC93CBCF86244DC27FB7F15E748710E69ACFACFB902A1FA6FC2DF4F9830A1BD12A35613274E3C349CCF845E8DC62A9AA698CB12DB8F3CF2C8258D4CF104F3B86EC78E1D5D2356315A10876FB209EDD908546F47ACFAFA7C14C5A1DB58E59BA3787DB3C3CDD75D775DD7FDA2998F1193114513D6F3FF36F2251BF1D458956F9F9E353D316A55EE49ECF17869C37C21B74069BD4A0A97BF11D72D59B264FF403655CB962D3B98FE9E8DBF36C74463D5BB02179387B3E21513844B6DAC62FE45CC8BC9AEBFF6DA6BBBFD06584FDF0A3C74E850BF9F8FA238741BABFCBCBC6CC4EA861B6E481A1B1B7F758E5534F531F139B6BFFFFEFBAEBCD458954FDAF0ACCD1A9FA953A7966DE9856896A74D9B762E3F5A359CF7E9D09F37E1ADE9279B23BB76EDEA1C88A66ADFBE7DBFC4E3A78DD56F87F3DFB11A8D551C6AC9B6F3138047142D9D901F21C8DF16979F7FFEF9C27559A3D55D143756E5783E8AE2D06CAC8A5FF36CC4AA388E1C39D2D538C56B1F2353B13DE2E29724E2674C841F915BE74A6355BE7D7A1A47B20668F6ECD9FD6EAEA2A99A376F5E7E5E55E770DFA743BFD4D5D58D6C6868F8F1F0E1C3A7CAD954C5E3A58F7BB816868B2B5D14630269F1520A3139FC85175E285C8E43723D355671182FE6C34C9C38B1705B369295FFEA7C3EA2492A9EDCDEDFE7A3280E8FC62A5BF0B3BB88DB46E426ACE79BB0B82D16AB8D43C6DD8D806AACFABF4FCF26B26723577D3D2C18FFAE68A4CA214028F153CEBF8C1933A67DE7CE9D47CBD154EDDDBBF7683C5EFA06FF432DFCFD067B518C4F9CCEF3268706E21BAA7268F0EED3F3CD55CCB98A09EDF121A8D46FFFC544F5FC9CAA885AD9A743D93EE5A49F448E2E5EBCF88FFD99D0BE64C992AFD237E3E17863D7CADFCE79DE144539248706E33E3D8DE3F9C6281AAC9867198B88C668547698303E7CC58AEA3107EEADB7DE8AC59CCF17ADF6DE594BFB7428E7A79C5BE32BBBE99BEA4F9B366DDAD19B866AEBD6ADFF3B6EDCB81D31A9B1D68EBF2B8A8AA21C924383799FDECF133BB79A5305FD7F333E166FC6FAFAFAB63973E66C5ABB76ED978752274F9EFCF9E209957F6E6F6F3F98365F5FCD9F3FBF75CC983107E2CD179F686AF19B228AA2A22887E4D050D8A7E70F0F96D250D5EA3E1D064CACE69BBE191B2F9E876A5F9CC93C3BA3799C7C33CE1315A734A8F5D577154545510EC921FB74004551519443A2861A2B00455168AC841C02D0580945510EC92100144545510EC9218D1580A2283456426305A0B1121A2BAF9D1C0240515414E5901C0240515414E590D05801288A426325E41080C64A288A72480E01A0282A8A72480E01A0282A8A724868AC001445A1B11272084063251445392487005014154539243456008AA2D058098D1580C64A288A72480E01A0282A8A72480E01A0282A8A724868AC001445A1B112720840632514453924870028C99A356B14A3C11327D3A278560E895ACB21806163C3860DED1D1D1D0AD22088B6B6B6256951DC298744ADE510C0B0D1D2D2F2E8BA75EBFE72F8F0E1BF2A4CD51B658882B87AF5EAEFD3784C0E895ACB21806125DD11FF2EFD94FB791C4288F919A2E2117FF79D43B920CA21390400000000000000000000000000000000000000005056FF07BB708E86034999660000000049454E44AE426082, 1);

-- ----------------------------
-- Table structure for act_ge_property
-- ----------------------------
DROP TABLE IF EXISTS `act_ge_property`;
CREATE TABLE `act_ge_property`  (
  `NAME_` varchar(64) CHARACTER SET utf8 COLLATE utf8_bin NOT NULL,
  `VALUE_` varchar(300) CHARACTER SET utf8 COLLATE utf8_bin NULL DEFAULT NULL,
  `REV_` int(11) NULL DEFAULT NULL,
  PRIMARY KEY (`NAME_`) USING BTREE
) ENGINE = InnoDB CHARACTER SET = utf8 COLLATE = utf8_bin ROW_FORMAT = Dynamic;

-- ----------------------------
-- Records of act_ge_property
-- ----------------------------
INSERT INTO `act_ge_property` VALUES ('next.dbid', '17501', 8);
INSERT INTO `act_ge_property` VALUES ('schema.history', 'create(5.22.0.0)', 1);
INSERT INTO `act_ge_property` VALUES ('schema.version', '5.22.0.0', 1);

-- ----------------------------
-- Table structure for act_hi_actinst
-- ----------------------------
DROP TABLE IF EXISTS `act_hi_actinst`;
CREATE TABLE `act_hi_actinst`  (
  `ID_` varchar(64) CHARACTER SET utf8 COLLATE utf8_bin NOT NULL,
  `PROC_DEF_ID_` varchar(64) CHARACTER SET utf8 COLLATE utf8_bin NOT NULL,
  `PROC_INST_ID_` varchar(64) CHARACTER SET utf8 COLLATE utf8_bin NOT NULL,
  `EXECUTION_ID_` varchar(64) CHARACTER SET utf8 COLLATE utf8_bin NOT NULL,
  `ACT_ID_` varchar(255) CHARACTER SET utf8 COLLATE utf8_bin NOT NULL,
  `TASK_ID_` varchar(64) CHARACTER SET utf8 COLLATE utf8_bin NULL DEFAULT NULL,
  `CALL_PROC_INST_ID_` varchar(64) CHARACTER SET utf8 COLLATE utf8_bin NULL DEFAULT NULL,
  `ACT_NAME_` varchar(255) CHARACTER SET utf8 COLLATE utf8_bin NULL DEFAULT NULL,
  `ACT_TYPE_` varchar(255) CHARACTER SET utf8 COLLATE utf8_bin NOT NULL,
  `ASSIGNEE_` varchar(255) CHARACTER SET utf8 COLLATE utf8_bin NULL DEFAULT NULL,
  `START_TIME_` datetime(3) NOT NULL,
  `END_TIME_` datetime(3) NULL DEFAULT NULL,
  `DURATION_` bigint(20) NULL DEFAULT NULL,
  `TENANT_ID_` varchar(255) CHARACTER SET utf8 COLLATE utf8_bin NULL DEFAULT '',
  PRIMARY KEY (`ID_`) USING BTREE,
  INDEX `ACT_IDX_HI_ACT_INST_START`(`START_TIME_`) USING BTREE,
  INDEX `ACT_IDX_HI_ACT_INST_END`(`END_TIME_`) USING BTREE,
  INDEX `ACT_IDX_HI_ACT_INST_PROCINST`(`PROC_INST_ID_`, `ACT_ID_`) USING BTREE,
  INDEX `ACT_IDX_HI_ACT_INST_EXEC`(`EXECUTION_ID_`, `ACT_ID_`) USING BTREE
) ENGINE = InnoDB CHARACTER SET = utf8 COLLATE = utf8_bin ROW_FORMAT = Dynamic;

-- ----------------------------
-- Records of act_hi_actinst
-- ----------------------------
INSERT INTO `act_hi_actinst` VALUES ('10005', 'Leave:1:7508', '7509', '7509', 'sid-D4B25038-F6B6-4741-B705-529D4790E4D2', '10006', NULL, '审批', 'userTask', NULL, '2020-04-05 15:48:02.079', NULL, NULL, '');
INSERT INTO `act_hi_actinst` VALUES ('12502', 'Leave:1:7508', '12501', '12501', 'sid-43C1118D-22B1-4A77-83CC-24EFC62086D8', NULL, NULL, '开始', 'startEvent', NULL, '2020-04-05 15:54:46.198', '2020-04-05 15:54:46.220', 22, '');
INSERT INTO `act_hi_actinst` VALUES ('12503', 'Leave:1:7508', '12501', '12501', 'user', '12504', NULL, '请假申请', 'userTask', NULL, '2020-04-05 15:54:46.221', NULL, NULL, '');
INSERT INTO `act_hi_actinst` VALUES ('7510', 'Leave:1:7508', '7509', '7509', 'sid-43C1118D-22B1-4A77-83CC-24EFC62086D8', NULL, NULL, '开始', 'startEvent', NULL, '2020-04-05 12:22:50.724', '2020-04-05 12:22:50.752', 28, '');
INSERT INTO `act_hi_actinst` VALUES ('7511', 'Leave:1:7508', '7509', '7509', 'user', '7512', NULL, '请假申请', 'userTask', NULL, '2020-04-05 12:22:50.753', '2020-04-05 15:48:02.078', 12311325, '');

-- ----------------------------
-- Table structure for act_hi_attachment
-- ----------------------------
DROP TABLE IF EXISTS `act_hi_attachment`;
CREATE TABLE `act_hi_attachment`  (
  `ID_` varchar(64) CHARACTER SET utf8 COLLATE utf8_bin NOT NULL,
  `REV_` int(11) NULL DEFAULT NULL,
  `USER_ID_` varchar(255) CHARACTER SET utf8 COLLATE utf8_bin NULL DEFAULT NULL,
  `NAME_` varchar(255) CHARACTER SET utf8 COLLATE utf8_bin NULL DEFAULT NULL,
  `DESCRIPTION_` varchar(4000) CHARACTER SET utf8 COLLATE utf8_bin NULL DEFAULT NULL,
  `TYPE_` varchar(255) CHARACTER SET utf8 COLLATE utf8_bin NULL DEFAULT NULL,
  `TASK_ID_` varchar(64) CHARACTER SET utf8 COLLATE utf8_bin NULL DEFAULT NULL,
  `PROC_INST_ID_` varchar(64) CHARACTER SET utf8 COLLATE utf8_bin NULL DEFAULT NULL,
  `URL_` varchar(4000) CHARACTER SET utf8 COLLATE utf8_bin NULL DEFAULT NULL,
  `CONTENT_ID_` varchar(64) CHARACTER SET utf8 COLLATE utf8_bin NULL DEFAULT NULL,
  `TIME_` datetime(3) NULL DEFAULT NULL,
  PRIMARY KEY (`ID_`) USING BTREE
) ENGINE = InnoDB CHARACTER SET = utf8 COLLATE = utf8_bin ROW_FORMAT = Dynamic;

-- ----------------------------
-- Table structure for act_hi_comment
-- ----------------------------
DROP TABLE IF EXISTS `act_hi_comment`;
CREATE TABLE `act_hi_comment`  (
  `ID_` varchar(64) CHARACTER SET utf8 COLLATE utf8_bin NOT NULL,
  `TYPE_` varchar(255) CHARACTER SET utf8 COLLATE utf8_bin NULL DEFAULT NULL,
  `TIME_` datetime(3) NOT NULL,
  `USER_ID_` varchar(255) CHARACTER SET utf8 COLLATE utf8_bin NULL DEFAULT NULL,
  `TASK_ID_` varchar(64) CHARACTER SET utf8 COLLATE utf8_bin NULL DEFAULT NULL,
  `PROC_INST_ID_` varchar(64) CHARACTER SET utf8 COLLATE utf8_bin NULL DEFAULT NULL,
  `ACTION_` varchar(255) CHARACTER SET utf8 COLLATE utf8_bin NULL DEFAULT NULL,
  `MESSAGE_` varchar(4000) CHARACTER SET utf8 COLLATE utf8_bin NULL DEFAULT NULL,
  `FULL_MSG_` longblob NULL,
  PRIMARY KEY (`ID_`) USING BTREE
) ENGINE = InnoDB CHARACTER SET = utf8 COLLATE = utf8_bin ROW_FORMAT = Dynamic;

-- ----------------------------
-- Records of act_hi_comment
-- ----------------------------
INSERT INTO `act_hi_comment` VALUES ('10001', 'comment', '2020-04-05 15:48:02.013', 'entfrm', '7512', '7509', 'AddComment', '测试', 0xE6B58BE8AF95);

-- ----------------------------
-- Table structure for act_hi_detail
-- ----------------------------
DROP TABLE IF EXISTS `act_hi_detail`;
CREATE TABLE `act_hi_detail`  (
  `ID_` varchar(64) CHARACTER SET utf8 COLLATE utf8_bin NOT NULL,
  `TYPE_` varchar(255) CHARACTER SET utf8 COLLATE utf8_bin NOT NULL,
  `PROC_INST_ID_` varchar(64) CHARACTER SET utf8 COLLATE utf8_bin NULL DEFAULT NULL,
  `EXECUTION_ID_` varchar(64) CHARACTER SET utf8 COLLATE utf8_bin NULL DEFAULT NULL,
  `TASK_ID_` varchar(64) CHARACTER SET utf8 COLLATE utf8_bin NULL DEFAULT NULL,
  `ACT_INST_ID_` varchar(64) CHARACTER SET utf8 COLLATE utf8_bin NULL DEFAULT NULL,
  `NAME_` varchar(255) CHARACTER SET utf8 COLLATE utf8_bin NOT NULL,
  `VAR_TYPE_` varchar(255) CHARACTER SET utf8 COLLATE utf8_bin NULL DEFAULT NULL,
  `REV_` int(11) NULL DEFAULT NULL,
  `TIME_` datetime(3) NOT NULL,
  `BYTEARRAY_ID_` varchar(64) CHARACTER SET utf8 COLLATE utf8_bin NULL DEFAULT NULL,
  `DOUBLE_` double NULL DEFAULT NULL,
  `LONG_` bigint(20) NULL DEFAULT NULL,
  `TEXT_` varchar(4000) CHARACTER SET utf8 COLLATE utf8_bin NULL DEFAULT NULL,
  `TEXT2_` varchar(4000) CHARACTER SET utf8 COLLATE utf8_bin NULL DEFAULT NULL,
  PRIMARY KEY (`ID_`) USING BTREE,
  INDEX `ACT_IDX_HI_DETAIL_PROC_INST`(`PROC_INST_ID_`) USING BTREE,
  INDEX `ACT_IDX_HI_DETAIL_ACT_INST`(`ACT_INST_ID_`) USING BTREE,
  INDEX `ACT_IDX_HI_DETAIL_TIME`(`TIME_`) USING BTREE,
  INDEX `ACT_IDX_HI_DETAIL_NAME`(`NAME_`) USING BTREE,
  INDEX `ACT_IDX_HI_DETAIL_TASK_ID`(`TASK_ID_`) USING BTREE
) ENGINE = InnoDB CHARACTER SET = utf8 COLLATE = utf8_bin ROW_FORMAT = Dynamic;

-- ----------------------------
-- Table structure for act_hi_identitylink
-- ----------------------------
DROP TABLE IF EXISTS `act_hi_identitylink`;
CREATE TABLE `act_hi_identitylink`  (
  `ID_` varchar(64) CHARACTER SET utf8 COLLATE utf8_bin NOT NULL,
  `GROUP_ID_` varchar(255) CHARACTER SET utf8 COLLATE utf8_bin NULL DEFAULT NULL,
  `TYPE_` varchar(255) CHARACTER SET utf8 COLLATE utf8_bin NULL DEFAULT NULL,
  `USER_ID_` varchar(255) CHARACTER SET utf8 COLLATE utf8_bin NULL DEFAULT NULL,
  `TASK_ID_` varchar(64) CHARACTER SET utf8 COLLATE utf8_bin NULL DEFAULT NULL,
  `PROC_INST_ID_` varchar(64) CHARACTER SET utf8 COLLATE utf8_bin NULL DEFAULT NULL,
  PRIMARY KEY (`ID_`) USING BTREE,
  INDEX `ACT_IDX_HI_IDENT_LNK_USER`(`USER_ID_`) USING BTREE,
  INDEX `ACT_IDX_HI_IDENT_LNK_TASK`(`TASK_ID_`) USING BTREE,
  INDEX `ACT_IDX_HI_IDENT_LNK_PROCINST`(`PROC_INST_ID_`) USING BTREE
) ENGINE = InnoDB CHARACTER SET = utf8 COLLATE = utf8_bin ROW_FORMAT = Dynamic;

-- ----------------------------
-- Records of act_hi_identitylink
-- ----------------------------
INSERT INTO `act_hi_identitylink` VALUES ('12505', NULL, 'candidate', 'entfrm', '12504', NULL);
INSERT INTO `act_hi_identitylink` VALUES ('12506', NULL, 'participant', 'entfrm', NULL, '12501');
INSERT INTO `act_hi_identitylink` VALUES ('7513', NULL, 'candidate', 'entfrm', '7512', NULL);
INSERT INTO `act_hi_identitylink` VALUES ('7514', NULL, 'participant', 'entfrm', NULL, '7509');

-- ----------------------------
-- Table structure for act_hi_procinst
-- ----------------------------
DROP TABLE IF EXISTS `act_hi_procinst`;
CREATE TABLE `act_hi_procinst`  (
  `ID_` varchar(64) CHARACTER SET utf8 COLLATE utf8_bin NOT NULL,
  `PROC_INST_ID_` varchar(64) CHARACTER SET utf8 COLLATE utf8_bin NOT NULL,
  `BUSINESS_KEY_` varchar(255) CHARACTER SET utf8 COLLATE utf8_bin NULL DEFAULT NULL,
  `PROC_DEF_ID_` varchar(64) CHARACTER SET utf8 COLLATE utf8_bin NOT NULL,
  `START_TIME_` datetime(3) NOT NULL,
  `END_TIME_` datetime(3) NULL DEFAULT NULL,
  `DURATION_` bigint(20) NULL DEFAULT NULL,
  `START_USER_ID_` varchar(255) CHARACTER SET utf8 COLLATE utf8_bin NULL DEFAULT NULL,
  `START_ACT_ID_` varchar(255) CHARACTER SET utf8 COLLATE utf8_bin NULL DEFAULT NULL,
  `END_ACT_ID_` varchar(255) CHARACTER SET utf8 COLLATE utf8_bin NULL DEFAULT NULL,
  `SUPER_PROCESS_INSTANCE_ID_` varchar(64) CHARACTER SET utf8 COLLATE utf8_bin NULL DEFAULT NULL,
  `DELETE_REASON_` varchar(4000) CHARACTER SET utf8 COLLATE utf8_bin NULL DEFAULT NULL,
  `TENANT_ID_` varchar(255) CHARACTER SET utf8 COLLATE utf8_bin NULL DEFAULT '',
  `NAME_` varchar(255) CHARACTER SET utf8 COLLATE utf8_bin NULL DEFAULT NULL,
  PRIMARY KEY (`ID_`) USING BTREE,
  UNIQUE INDEX `PROC_INST_ID_`(`PROC_INST_ID_`) USING BTREE,
  INDEX `ACT_IDX_HI_PRO_INST_END`(`END_TIME_`) USING BTREE,
  INDEX `ACT_IDX_HI_PRO_I_BUSKEY`(`BUSINESS_KEY_`) USING BTREE
) ENGINE = InnoDB CHARACTER SET = utf8 COLLATE = utf8_bin ROW_FORMAT = Dynamic;

-- ----------------------------
-- Records of act_hi_procinst
-- ----------------------------
INSERT INTO `act_hi_procinst` VALUES ('12501', '12501', 'Leave_6', 'Leave:1:7508', '2020-04-05 15:54:46.193', NULL, NULL, NULL, 'sid-43C1118D-22B1-4A77-83CC-24EFC62086D8', NULL, NULL, NULL, '', NULL);
INSERT INTO `act_hi_procinst` VALUES ('7509', '7509', 'Leave_5', 'Leave:1:7508', '2020-04-05 12:22:50.724', NULL, NULL, NULL, 'sid-43C1118D-22B1-4A77-83CC-24EFC62086D8', NULL, NULL, NULL, '', NULL);

-- ----------------------------
-- Table structure for act_hi_taskinst
-- ----------------------------
DROP TABLE IF EXISTS `act_hi_taskinst`;
CREATE TABLE `act_hi_taskinst`  (
  `ID_` varchar(64) CHARACTER SET utf8 COLLATE utf8_bin NOT NULL,
  `PROC_DEF_ID_` varchar(64) CHARACTER SET utf8 COLLATE utf8_bin NULL DEFAULT NULL,
  `TASK_DEF_KEY_` varchar(255) CHARACTER SET utf8 COLLATE utf8_bin NULL DEFAULT NULL,
  `PROC_INST_ID_` varchar(64) CHARACTER SET utf8 COLLATE utf8_bin NULL DEFAULT NULL,
  `EXECUTION_ID_` varchar(64) CHARACTER SET utf8 COLLATE utf8_bin NULL DEFAULT NULL,
  `NAME_` varchar(255) CHARACTER SET utf8 COLLATE utf8_bin NULL DEFAULT NULL,
  `PARENT_TASK_ID_` varchar(64) CHARACTER SET utf8 COLLATE utf8_bin NULL DEFAULT NULL,
  `DESCRIPTION_` varchar(4000) CHARACTER SET utf8 COLLATE utf8_bin NULL DEFAULT NULL,
  `OWNER_` varchar(255) CHARACTER SET utf8 COLLATE utf8_bin NULL DEFAULT NULL,
  `ASSIGNEE_` varchar(255) CHARACTER SET utf8 COLLATE utf8_bin NULL DEFAULT NULL,
  `START_TIME_` datetime(3) NOT NULL,
  `CLAIM_TIME_` datetime(3) NULL DEFAULT NULL,
  `END_TIME_` datetime(3) NULL DEFAULT NULL,
  `DURATION_` bigint(20) NULL DEFAULT NULL,
  `DELETE_REASON_` varchar(4000) CHARACTER SET utf8 COLLATE utf8_bin NULL DEFAULT NULL,
  `PRIORITY_` int(11) NULL DEFAULT NULL,
  `DUE_DATE_` datetime(3) NULL DEFAULT NULL,
  `FORM_KEY_` varchar(255) CHARACTER SET utf8 COLLATE utf8_bin NULL DEFAULT NULL,
  `CATEGORY_` varchar(255) CHARACTER SET utf8 COLLATE utf8_bin NULL DEFAULT NULL,
  `TENANT_ID_` varchar(255) CHARACTER SET utf8 COLLATE utf8_bin NULL DEFAULT '',
  PRIMARY KEY (`ID_`) USING BTREE,
  INDEX `ACT_IDX_HI_TASK_INST_PROCINST`(`PROC_INST_ID_`) USING BTREE
) ENGINE = InnoDB CHARACTER SET = utf8 COLLATE = utf8_bin ROW_FORMAT = Dynamic;

-- ----------------------------
-- Records of act_hi_taskinst
-- ----------------------------
INSERT INTO `act_hi_taskinst` VALUES ('10006', 'Leave:1:7508', 'sid-D4B25038-F6B6-4741-B705-529D4790E4D2', '7509', '7509', '审批', NULL, NULL, NULL, NULL, '2020-04-05 15:48:02.079', NULL, NULL, NULL, NULL, 50, NULL, NULL, NULL, '');
INSERT INTO `act_hi_taskinst` VALUES ('12504', 'Leave:1:7508', 'user', '12501', '12501', '请假申请', NULL, NULL, NULL, NULL, '2020-04-05 15:54:46.224', NULL, NULL, NULL, NULL, 50, NULL, NULL, NULL, '');
INSERT INTO `act_hi_taskinst` VALUES ('7512', 'Leave:1:7508', 'user', '7509', '7509', '请假申请', NULL, NULL, NULL, NULL, '2020-04-05 12:22:50.757', NULL, '2020-04-05 15:48:02.057', 12311300, 'complete', 50, NULL, NULL, NULL, '');

-- ----------------------------
-- Table structure for act_hi_varinst
-- ----------------------------
DROP TABLE IF EXISTS `act_hi_varinst`;
CREATE TABLE `act_hi_varinst`  (
  `ID_` varchar(64) CHARACTER SET utf8 COLLATE utf8_bin NOT NULL,
  `PROC_INST_ID_` varchar(64) CHARACTER SET utf8 COLLATE utf8_bin NULL DEFAULT NULL,
  `EXECUTION_ID_` varchar(64) CHARACTER SET utf8 COLLATE utf8_bin NULL DEFAULT NULL,
  `TASK_ID_` varchar(64) CHARACTER SET utf8 COLLATE utf8_bin NULL DEFAULT NULL,
  `NAME_` varchar(255) CHARACTER SET utf8 COLLATE utf8_bin NOT NULL,
  `VAR_TYPE_` varchar(100) CHARACTER SET utf8 COLLATE utf8_bin NULL DEFAULT NULL,
  `REV_` int(11) NULL DEFAULT NULL,
  `BYTEARRAY_ID_` varchar(64) CHARACTER SET utf8 COLLATE utf8_bin NULL DEFAULT NULL,
  `DOUBLE_` double NULL DEFAULT NULL,
  `LONG_` bigint(20) NULL DEFAULT NULL,
  `TEXT_` varchar(4000) CHARACTER SET utf8 COLLATE utf8_bin NULL DEFAULT NULL,
  `TEXT2_` varchar(4000) CHARACTER SET utf8 COLLATE utf8_bin NULL DEFAULT NULL,
  `CREATE_TIME_` datetime(3) NULL DEFAULT NULL,
  `LAST_UPDATED_TIME_` datetime(3) NULL DEFAULT NULL,
  PRIMARY KEY (`ID_`) USING BTREE,
  INDEX `ACT_IDX_HI_PROCVAR_PROC_INST`(`PROC_INST_ID_`) USING BTREE,
  INDEX `ACT_IDX_HI_PROCVAR_NAME_TYPE`(`NAME_`, `VAR_TYPE_`) USING BTREE,
  INDEX `ACT_IDX_HI_PROCVAR_TASK_ID`(`TASK_ID_`) USING BTREE
) ENGINE = InnoDB CHARACTER SET = utf8 COLLATE = utf8_bin ROW_FORMAT = Dynamic;

-- ----------------------------
-- Records of act_hi_varinst
-- ----------------------------
INSERT INTO `act_hi_varinst` VALUES ('10002', '7509', '7509', NULL, 'type', 'string', 0, NULL, NULL, NULL, '1', NULL, '2020-04-05 15:48:02.047', '2020-04-05 15:48:02.047');
INSERT INTO `act_hi_varinst` VALUES ('10003', '7509', '7509', NULL, 'days', 'integer', 0, NULL, NULL, 2, '2', NULL, '2020-04-05 15:48:02.048', '2020-04-05 15:48:02.048');
INSERT INTO `act_hi_varinst` VALUES ('10004', '7509', '7509', NULL, 'flag', 'string', 0, NULL, NULL, NULL, '审批', NULL, '2020-04-05 15:48:02.048', '2020-04-05 15:48:02.048');

-- ----------------------------
-- Table structure for act_id_group
-- ----------------------------
DROP TABLE IF EXISTS `act_id_group`;
CREATE TABLE `act_id_group`  (
  `ID_` varchar(64) CHARACTER SET utf8 COLLATE utf8_bin NOT NULL,
  `REV_` int(11) NULL DEFAULT NULL,
  `NAME_` varchar(255) CHARACTER SET utf8 COLLATE utf8_bin NULL DEFAULT NULL,
  `TYPE_` varchar(255) CHARACTER SET utf8 COLLATE utf8_bin NULL DEFAULT NULL,
  PRIMARY KEY (`ID_`) USING BTREE
) ENGINE = InnoDB CHARACTER SET = utf8 COLLATE = utf8_bin ROW_FORMAT = Dynamic;

-- ----------------------------
-- Table structure for act_id_info
-- ----------------------------
DROP TABLE IF EXISTS `act_id_info`;
CREATE TABLE `act_id_info`  (
  `ID_` varchar(64) CHARACTER SET utf8 COLLATE utf8_bin NOT NULL,
  `REV_` int(11) NULL DEFAULT NULL,
  `USER_ID_` varchar(64) CHARACTER SET utf8 COLLATE utf8_bin NULL DEFAULT NULL,
  `TYPE_` varchar(64) CHARACTER SET utf8 COLLATE utf8_bin NULL DEFAULT NULL,
  `KEY_` varchar(255) CHARACTER SET utf8 COLLATE utf8_bin NULL DEFAULT NULL,
  `VALUE_` varchar(255) CHARACTER SET utf8 COLLATE utf8_bin NULL DEFAULT NULL,
  `PASSWORD_` longblob NULL,
  `PARENT_ID_` varchar(255) CHARACTER SET utf8 COLLATE utf8_bin NULL DEFAULT NULL,
  PRIMARY KEY (`ID_`) USING BTREE
) ENGINE = InnoDB CHARACTER SET = utf8 COLLATE = utf8_bin ROW_FORMAT = Dynamic;

-- ----------------------------
-- Table structure for act_id_membership
-- ----------------------------
DROP TABLE IF EXISTS `act_id_membership`;
CREATE TABLE `act_id_membership`  (
  `USER_ID_` varchar(64) CHARACTER SET utf8 COLLATE utf8_bin NOT NULL,
  `GROUP_ID_` varchar(64) CHARACTER SET utf8 COLLATE utf8_bin NOT NULL,
  PRIMARY KEY (`USER_ID_`, `GROUP_ID_`) USING BTREE,
  INDEX `ACT_FK_MEMB_GROUP`(`GROUP_ID_`) USING BTREE,
  CONSTRAINT `act_id_membership_ibfk_1` FOREIGN KEY (`GROUP_ID_`) REFERENCES `act_id_group` (`ID_`) ON DELETE RESTRICT ON UPDATE RESTRICT,
  CONSTRAINT `act_id_membership_ibfk_2` FOREIGN KEY (`USER_ID_`) REFERENCES `act_id_user` (`ID_`) ON DELETE RESTRICT ON UPDATE RESTRICT
) ENGINE = InnoDB CHARACTER SET = utf8 COLLATE = utf8_bin ROW_FORMAT = Dynamic;

-- ----------------------------
-- Table structure for act_id_user
-- ----------------------------
DROP TABLE IF EXISTS `act_id_user`;
CREATE TABLE `act_id_user`  (
  `ID_` varchar(64) CHARACTER SET utf8 COLLATE utf8_bin NOT NULL,
  `REV_` int(11) NULL DEFAULT NULL,
  `FIRST_` varchar(255) CHARACTER SET utf8 COLLATE utf8_bin NULL DEFAULT NULL,
  `LAST_` varchar(255) CHARACTER SET utf8 COLLATE utf8_bin NULL DEFAULT NULL,
  `EMAIL_` varchar(255) CHARACTER SET utf8 COLLATE utf8_bin NULL DEFAULT NULL,
  `PWD_` varchar(255) CHARACTER SET utf8 COLLATE utf8_bin NULL DEFAULT NULL,
  `PICTURE_ID_` varchar(64) CHARACTER SET utf8 COLLATE utf8_bin NULL DEFAULT NULL,
  PRIMARY KEY (`ID_`) USING BTREE
) ENGINE = InnoDB CHARACTER SET = utf8 COLLATE = utf8_bin ROW_FORMAT = Dynamic;

-- ----------------------------
-- Table structure for act_leave
-- ----------------------------
DROP TABLE IF EXISTS `act_leave`;
CREATE TABLE `act_leave`  (
  `id` int(11) NOT NULL AUTO_INCREMENT COMMENT '主键',
  `user_name` varchar(40) CHARACTER SET utf8mb4 COLLATE utf8mb4_general_ci NULL DEFAULT NULL COMMENT '用户名',
  `type` char(1) CHARACTER SET utf8mb4 COLLATE utf8mb4_general_ci NULL DEFAULT NULL COMMENT '0事假 1病假 2产假',
  `cause` varchar(255) CHARACTER SET utf8mb4 COLLATE utf8mb4_general_ci NULL DEFAULT NULL COMMENT '事由',
  `leave_time` datetime(0) NULL DEFAULT NULL COMMENT '请假时间',
  `days` int(4) NULL DEFAULT NULL COMMENT '请假天数',
  `status` char(1) CHARACTER SET utf8mb4 COLLATE utf8mb4_general_ci NULL DEFAULT '0' COMMENT '0未提交 1未审核 2批准 9驳回',
  `create_by` varchar(64) CHARACTER SET utf8mb4 COLLATE utf8mb4_general_ci NULL DEFAULT '' COMMENT '创建者',
  `create_time` datetime(0) NULL DEFAULT NULL COMMENT '创建时间',
  `update_by` varchar(64) CHARACTER SET utf8mb4 COLLATE utf8mb4_general_ci NULL DEFAULT '' COMMENT '更新者',
  `update_time` datetime(0) NULL DEFAULT NULL COMMENT '更新时间',
  `remarks` varchar(500) CHARACTER SET utf8mb4 COLLATE utf8mb4_general_ci NULL DEFAULT NULL COMMENT '备注',
  `del_flag` char(1) CHARACTER SET utf8mb4 COLLATE utf8mb4_general_ci NULL DEFAULT '0' COMMENT '删除标志（0正常 1删除）',
  PRIMARY KEY (`id`) USING BTREE
) ENGINE = InnoDB AUTO_INCREMENT = 7 CHARACTER SET = utf8mb4 COLLATE = utf8mb4_general_ci ROW_FORMAT = Dynamic;

-- ----------------------------
-- Records of act_leave
-- ----------------------------
INSERT INTO `act_leave` VALUES (5, 'entfrm', '1', 'test', '2020-04-08 00:00:00', 2, '1', 'entfrm', '2020-04-05 12:02:25', '', '2020-04-05 12:22:51', NULL, '0');
INSERT INTO `act_leave` VALUES (6, 'entfrm', '1', 'Springboot最完美实践', '2020-04-10 00:00:00', 3, '1', 'entfrm', '2020-04-05 15:54:41', '', '2020-04-05 15:54:46', NULL, '0');

-- ----------------------------
-- Table structure for act_procdef_info
-- ----------------------------
DROP TABLE IF EXISTS `act_procdef_info`;
CREATE TABLE `act_procdef_info`  (
  `ID_` varchar(64) CHARACTER SET utf8 COLLATE utf8_bin NOT NULL,
  `PROC_DEF_ID_` varchar(64) CHARACTER SET utf8 COLLATE utf8_bin NOT NULL,
  `REV_` int(11) NULL DEFAULT NULL,
  `INFO_JSON_ID_` varchar(64) CHARACTER SET utf8 COLLATE utf8_bin NULL DEFAULT NULL,
  PRIMARY KEY (`ID_`) USING BTREE,
  UNIQUE INDEX `ACT_UNIQ_INFO_PROCDEF`(`PROC_DEF_ID_`) USING BTREE,
  INDEX `ACT_IDX_INFO_PROCDEF`(`PROC_DEF_ID_`) USING BTREE,
  INDEX `ACT_FK_INFO_JSON_BA`(`INFO_JSON_ID_`) USING BTREE,
  CONSTRAINT `act_procdef_info_ibfk_1` FOREIGN KEY (`INFO_JSON_ID_`) REFERENCES `act_ge_bytearray` (`ID_`) ON DELETE RESTRICT ON UPDATE RESTRICT,
  CONSTRAINT `act_procdef_info_ibfk_2` FOREIGN KEY (`PROC_DEF_ID_`) REFERENCES `act_re_procdef` (`ID_`) ON DELETE RESTRICT ON UPDATE RESTRICT
) ENGINE = InnoDB CHARACTER SET = utf8 COLLATE = utf8_bin ROW_FORMAT = Dynamic;

-- ----------------------------
-- Table structure for act_re_deployment
-- ----------------------------
DROP TABLE IF EXISTS `act_re_deployment`;
CREATE TABLE `act_re_deployment`  (
  `ID_` varchar(64) CHARACTER SET utf8 COLLATE utf8_bin NOT NULL,
  `NAME_` varchar(255) CHARACTER SET utf8 COLLATE utf8_bin NULL DEFAULT NULL,
  `CATEGORY_` varchar(255) CHARACTER SET utf8 COLLATE utf8_bin NULL DEFAULT NULL,
  `TENANT_ID_` varchar(255) CHARACTER SET utf8 COLLATE utf8_bin NULL DEFAULT '',
  `DEPLOY_TIME_` timestamp(3) NULL DEFAULT NULL,
  PRIMARY KEY (`ID_`) USING BTREE
) ENGINE = InnoDB CHARACTER SET = utf8 COLLATE = utf8_bin ROW_FORMAT = Dynamic;

-- ----------------------------
-- Records of act_re_deployment
-- ----------------------------
INSERT INTO `act_re_deployment` VALUES ('7505', '请假流程', NULL, '', '2020-04-05 12:22:16.715');

-- ----------------------------
-- Table structure for act_re_model
-- ----------------------------
DROP TABLE IF EXISTS `act_re_model`;
CREATE TABLE `act_re_model`  (
  `ID_` varchar(64) CHARACTER SET utf8 COLLATE utf8_bin NOT NULL,
  `REV_` int(11) NULL DEFAULT NULL,
  `NAME_` varchar(255) CHARACTER SET utf8 COLLATE utf8_bin NULL DEFAULT NULL,
  `KEY_` varchar(255) CHARACTER SET utf8 COLLATE utf8_bin NULL DEFAULT NULL,
  `CATEGORY_` varchar(255) CHARACTER SET utf8 COLLATE utf8_bin NULL DEFAULT NULL,
  `CREATE_TIME_` timestamp(3) NULL DEFAULT NULL,
  `LAST_UPDATE_TIME_` timestamp(3) NULL DEFAULT NULL,
  `VERSION_` int(11) NULL DEFAULT NULL,
  `META_INFO_` varchar(4000) CHARACTER SET utf8 COLLATE utf8_bin NULL DEFAULT NULL,
  `DEPLOYMENT_ID_` varchar(64) CHARACTER SET utf8 COLLATE utf8_bin NULL DEFAULT NULL,
  `EDITOR_SOURCE_VALUE_ID_` varchar(64) CHARACTER SET utf8 COLLATE utf8_bin NULL DEFAULT NULL,
  `EDITOR_SOURCE_EXTRA_VALUE_ID_` varchar(64) CHARACTER SET utf8 COLLATE utf8_bin NULL DEFAULT NULL,
  `TENANT_ID_` varchar(255) CHARACTER SET utf8 COLLATE utf8_bin NULL DEFAULT '',
  PRIMARY KEY (`ID_`) USING BTREE,
  INDEX `ACT_FK_MODEL_SOURCE`(`EDITOR_SOURCE_VALUE_ID_`) USING BTREE,
  INDEX `ACT_FK_MODEL_SOURCE_EXTRA`(`EDITOR_SOURCE_EXTRA_VALUE_ID_`) USING BTREE,
  INDEX `ACT_FK_MODEL_DEPLOYMENT`(`DEPLOYMENT_ID_`) USING BTREE,
  CONSTRAINT `act_re_model_ibfk_1` FOREIGN KEY (`DEPLOYMENT_ID_`) REFERENCES `act_re_deployment` (`ID_`) ON DELETE RESTRICT ON UPDATE RESTRICT,
  CONSTRAINT `act_re_model_ibfk_2` FOREIGN KEY (`EDITOR_SOURCE_VALUE_ID_`) REFERENCES `act_ge_bytearray` (`ID_`) ON DELETE RESTRICT ON UPDATE RESTRICT,
  CONSTRAINT `act_re_model_ibfk_3` FOREIGN KEY (`EDITOR_SOURCE_EXTRA_VALUE_ID_`) REFERENCES `act_ge_bytearray` (`ID_`) ON DELETE RESTRICT ON UPDATE RESTRICT
) ENGINE = InnoDB CHARACTER SET = utf8 COLLATE = utf8_bin ROW_FORMAT = Dynamic;

-- ----------------------------
-- Records of act_re_model
-- ----------------------------
INSERT INTO `act_re_model` VALUES ('1', 8, '请假流程', 'leave', 'office', '2020-04-04 19:53:50.269', '2020-04-05 12:21:59.888', 1, '{\"name\":\"请假流程\",\"revision\":1,\"description\":\"请假流程\"}', NULL, '2', '2501', '');
INSERT INTO `act_re_model` VALUES ('15001', 2, '出差流程', 'Business', 'office', '2020-04-05 17:38:41.160', '2020-04-05 17:38:41.193', 1, '{\"name\":\"出差流程\",\"revision\":1,\"description\":\"出差流程出差流程\"}', NULL, '15002', NULL, '');

-- ----------------------------
-- Table structure for act_re_procdef
-- ----------------------------
DROP TABLE IF EXISTS `act_re_procdef`;
CREATE TABLE `act_re_procdef`  (
  `ID_` varchar(64) CHARACTER SET utf8 COLLATE utf8_bin NOT NULL,
  `REV_` int(11) NULL DEFAULT NULL,
  `CATEGORY_` varchar(255) CHARACTER SET utf8 COLLATE utf8_bin NULL DEFAULT NULL,
  `NAME_` varchar(255) CHARACTER SET utf8 COLLATE utf8_bin NULL DEFAULT NULL,
  `KEY_` varchar(255) CHARACTER SET utf8 COLLATE utf8_bin NOT NULL,
  `VERSION_` int(11) NOT NULL,
  `DEPLOYMENT_ID_` varchar(64) CHARACTER SET utf8 COLLATE utf8_bin NULL DEFAULT NULL,
  `RESOURCE_NAME_` varchar(4000) CHARACTER SET utf8 COLLATE utf8_bin NULL DEFAULT NULL,
  `DGRM_RESOURCE_NAME_` varchar(4000) CHARACTER SET utf8 COLLATE utf8_bin NULL DEFAULT NULL,
  `DESCRIPTION_` varchar(4000) CHARACTER SET utf8 COLLATE utf8_bin NULL DEFAULT NULL,
  `HAS_START_FORM_KEY_` tinyint(4) NULL DEFAULT NULL,
  `HAS_GRAPHICAL_NOTATION_` tinyint(4) NULL DEFAULT NULL,
  `SUSPENSION_STATE_` int(11) NULL DEFAULT NULL,
  `TENANT_ID_` varchar(255) CHARACTER SET utf8 COLLATE utf8_bin NULL DEFAULT '',
  PRIMARY KEY (`ID_`) USING BTREE,
  UNIQUE INDEX `ACT_UNIQ_PROCDEF`(`KEY_`, `VERSION_`, `TENANT_ID_`) USING BTREE
) ENGINE = InnoDB CHARACTER SET = utf8 COLLATE = utf8_bin ROW_FORMAT = Dynamic;

-- ----------------------------
-- Records of act_re_procdef
-- ----------------------------
INSERT INTO `act_re_procdef` VALUES ('Leave:1:7508', 2, 'office', '请假流程', 'Leave', 1, '7505', '请假流程.bpmn20.xml', '请假流程.Leave.png', NULL, 0, 1, 1, '');

-- ----------------------------
-- Table structure for act_ru_event_subscr
-- ----------------------------
DROP TABLE IF EXISTS `act_ru_event_subscr`;
CREATE TABLE `act_ru_event_subscr`  (
  `ID_` varchar(64) CHARACTER SET utf8 COLLATE utf8_bin NOT NULL,
  `REV_` int(11) NULL DEFAULT NULL,
  `EVENT_TYPE_` varchar(255) CHARACTER SET utf8 COLLATE utf8_bin NOT NULL,
  `EVENT_NAME_` varchar(255) CHARACTER SET utf8 COLLATE utf8_bin NULL DEFAULT NULL,
  `EXECUTION_ID_` varchar(64) CHARACTER SET utf8 COLLATE utf8_bin NULL DEFAULT NULL,
  `PROC_INST_ID_` varchar(64) CHARACTER SET utf8 COLLATE utf8_bin NULL DEFAULT NULL,
  `ACTIVITY_ID_` varchar(64) CHARACTER SET utf8 COLLATE utf8_bin NULL DEFAULT NULL,
  `CONFIGURATION_` varchar(255) CHARACTER SET utf8 COLLATE utf8_bin NULL DEFAULT NULL,
  `CREATED_` timestamp(3) NOT NULL DEFAULT CURRENT_TIMESTAMP(3),
  `PROC_DEF_ID_` varchar(64) CHARACTER SET utf8 COLLATE utf8_bin NULL DEFAULT NULL,
  `TENANT_ID_` varchar(255) CHARACTER SET utf8 COLLATE utf8_bin NULL DEFAULT '',
  PRIMARY KEY (`ID_`) USING BTREE,
  INDEX `ACT_IDX_EVENT_SUBSCR_CONFIG_`(`CONFIGURATION_`) USING BTREE,
  INDEX `ACT_FK_EVENT_EXEC`(`EXECUTION_ID_`) USING BTREE,
  CONSTRAINT `act_ru_event_subscr_ibfk_1` FOREIGN KEY (`EXECUTION_ID_`) REFERENCES `act_ru_execution` (`ID_`) ON DELETE RESTRICT ON UPDATE RESTRICT
) ENGINE = InnoDB CHARACTER SET = utf8 COLLATE = utf8_bin ROW_FORMAT = Dynamic;

-- ----------------------------
-- Table structure for act_ru_execution
-- ----------------------------
DROP TABLE IF EXISTS `act_ru_execution`;
CREATE TABLE `act_ru_execution`  (
  `ID_` varchar(64) CHARACTER SET utf8 COLLATE utf8_bin NOT NULL,
  `REV_` int(11) NULL DEFAULT NULL,
  `PROC_INST_ID_` varchar(64) CHARACTER SET utf8 COLLATE utf8_bin NULL DEFAULT NULL,
  `BUSINESS_KEY_` varchar(255) CHARACTER SET utf8 COLLATE utf8_bin NULL DEFAULT NULL,
  `PARENT_ID_` varchar(64) CHARACTER SET utf8 COLLATE utf8_bin NULL DEFAULT NULL,
  `PROC_DEF_ID_` varchar(64) CHARACTER SET utf8 COLLATE utf8_bin NULL DEFAULT NULL,
  `SUPER_EXEC_` varchar(64) CHARACTER SET utf8 COLLATE utf8_bin NULL DEFAULT NULL,
  `ACT_ID_` varchar(255) CHARACTER SET utf8 COLLATE utf8_bin NULL DEFAULT NULL,
  `IS_ACTIVE_` tinyint(4) NULL DEFAULT NULL,
  `IS_CONCURRENT_` tinyint(4) NULL DEFAULT NULL,
  `IS_SCOPE_` tinyint(4) NULL DEFAULT NULL,
  `IS_EVENT_SCOPE_` tinyint(4) NULL DEFAULT NULL,
  `SUSPENSION_STATE_` int(11) NULL DEFAULT NULL,
  `CACHED_ENT_STATE_` int(11) NULL DEFAULT NULL,
  `TENANT_ID_` varchar(255) CHARACTER SET utf8 COLLATE utf8_bin NULL DEFAULT '',
  `NAME_` varchar(255) CHARACTER SET utf8 COLLATE utf8_bin NULL DEFAULT NULL,
  `LOCK_TIME_` timestamp(3) NULL DEFAULT NULL,
  PRIMARY KEY (`ID_`) USING BTREE,
  INDEX `ACT_IDX_EXEC_BUSKEY`(`BUSINESS_KEY_`) USING BTREE,
  INDEX `ACT_FK_EXE_PROCINST`(`PROC_INST_ID_`) USING BTREE,
  INDEX `ACT_FK_EXE_PARENT`(`PARENT_ID_`) USING BTREE,
  INDEX `ACT_FK_EXE_SUPER`(`SUPER_EXEC_`) USING BTREE,
  INDEX `ACT_FK_EXE_PROCDEF`(`PROC_DEF_ID_`) USING BTREE,
  CONSTRAINT `act_ru_execution_ibfk_1` FOREIGN KEY (`PARENT_ID_`) REFERENCES `act_ru_execution` (`ID_`) ON DELETE RESTRICT ON UPDATE RESTRICT,
  CONSTRAINT `act_ru_execution_ibfk_2` FOREIGN KEY (`PROC_DEF_ID_`) REFERENCES `act_re_procdef` (`ID_`) ON DELETE RESTRICT ON UPDATE RESTRICT,
  CONSTRAINT `act_ru_execution_ibfk_3` FOREIGN KEY (`PROC_INST_ID_`) REFERENCES `act_ru_execution` (`ID_`) ON DELETE CASCADE ON UPDATE CASCADE,
  CONSTRAINT `act_ru_execution_ibfk_4` FOREIGN KEY (`SUPER_EXEC_`) REFERENCES `act_ru_execution` (`ID_`) ON DELETE RESTRICT ON UPDATE RESTRICT
) ENGINE = InnoDB CHARACTER SET = utf8 COLLATE = utf8_bin ROW_FORMAT = Dynamic;

-- ----------------------------
-- Records of act_ru_execution
-- ----------------------------
INSERT INTO `act_ru_execution` VALUES ('12501', 1, '12501', 'Leave_6', NULL, 'Leave:1:7508', NULL, 'user', 1, 0, 1, 0, 1, 2, '', NULL, NULL);
INSERT INTO `act_ru_execution` VALUES ('7509', 2, '7509', 'Leave_5', NULL, 'Leave:1:7508', NULL, 'sid-D4B25038-F6B6-4741-B705-529D4790E4D2', 1, 0, 1, 0, 1, 2, '', NULL, NULL);

-- ----------------------------
-- Table structure for act_ru_identitylink
-- ----------------------------
DROP TABLE IF EXISTS `act_ru_identitylink`;
CREATE TABLE `act_ru_identitylink`  (
  `ID_` varchar(64) CHARACTER SET utf8 COLLATE utf8_bin NOT NULL,
  `REV_` int(11) NULL DEFAULT NULL,
  `GROUP_ID_` varchar(255) CHARACTER SET utf8 COLLATE utf8_bin NULL DEFAULT NULL,
  `TYPE_` varchar(255) CHARACTER SET utf8 COLLATE utf8_bin NULL DEFAULT NULL,
  `USER_ID_` varchar(255) CHARACTER SET utf8 COLLATE utf8_bin NULL DEFAULT NULL,
  `TASK_ID_` varchar(64) CHARACTER SET utf8 COLLATE utf8_bin NULL DEFAULT NULL,
  `PROC_INST_ID_` varchar(64) CHARACTER SET utf8 COLLATE utf8_bin NULL DEFAULT NULL,
  `PROC_DEF_ID_` varchar(64) CHARACTER SET utf8 COLLATE utf8_bin NULL DEFAULT NULL,
  PRIMARY KEY (`ID_`) USING BTREE,
  INDEX `ACT_IDX_IDENT_LNK_USER`(`USER_ID_`) USING BTREE,
  INDEX `ACT_IDX_IDENT_LNK_GROUP`(`GROUP_ID_`) USING BTREE,
  INDEX `ACT_IDX_ATHRZ_PROCEDEF`(`PROC_DEF_ID_`) USING BTREE,
  INDEX `ACT_FK_TSKASS_TASK`(`TASK_ID_`) USING BTREE,
  INDEX `ACT_FK_IDL_PROCINST`(`PROC_INST_ID_`) USING BTREE,
  CONSTRAINT `act_ru_identitylink_ibfk_1` FOREIGN KEY (`PROC_DEF_ID_`) REFERENCES `act_re_procdef` (`ID_`) ON DELETE RESTRICT ON UPDATE RESTRICT,
  CONSTRAINT `act_ru_identitylink_ibfk_2` FOREIGN KEY (`PROC_INST_ID_`) REFERENCES `act_ru_execution` (`ID_`) ON DELETE RESTRICT ON UPDATE RESTRICT,
  CONSTRAINT `act_ru_identitylink_ibfk_3` FOREIGN KEY (`TASK_ID_`) REFERENCES `act_ru_task` (`ID_`) ON DELETE RESTRICT ON UPDATE RESTRICT
) ENGINE = InnoDB CHARACTER SET = utf8 COLLATE = utf8_bin ROW_FORMAT = Dynamic;

-- ----------------------------
-- Records of act_ru_identitylink
-- ----------------------------
INSERT INTO `act_ru_identitylink` VALUES ('12505', 1, NULL, 'candidate', 'entfrm', '12504', NULL, NULL);
INSERT INTO `act_ru_identitylink` VALUES ('12506', 1, NULL, 'participant', 'entfrm', NULL, '12501', NULL);
INSERT INTO `act_ru_identitylink` VALUES ('7514', 1, NULL, 'participant', 'entfrm', NULL, '7509', NULL);

-- ----------------------------
-- Table structure for act_ru_job
-- ----------------------------
DROP TABLE IF EXISTS `act_ru_job`;
CREATE TABLE `act_ru_job`  (
  `ID_` varchar(64) CHARACTER SET utf8 COLLATE utf8_bin NOT NULL,
  `REV_` int(11) NULL DEFAULT NULL,
  `TYPE_` varchar(255) CHARACTER SET utf8 COLLATE utf8_bin NOT NULL,
  `LOCK_EXP_TIME_` timestamp(3) NULL DEFAULT NULL,
  `LOCK_OWNER_` varchar(255) CHARACTER SET utf8 COLLATE utf8_bin NULL DEFAULT NULL,
  `EXCLUSIVE_` tinyint(1) NULL DEFAULT NULL,
  `EXECUTION_ID_` varchar(64) CHARACTER SET utf8 COLLATE utf8_bin NULL DEFAULT NULL,
  `PROCESS_INSTANCE_ID_` varchar(64) CHARACTER SET utf8 COLLATE utf8_bin NULL DEFAULT NULL,
  `PROC_DEF_ID_` varchar(64) CHARACTER SET utf8 COLLATE utf8_bin NULL DEFAULT NULL,
  `RETRIES_` int(11) NULL DEFAULT NULL,
  `EXCEPTION_STACK_ID_` varchar(64) CHARACTER SET utf8 COLLATE utf8_bin NULL DEFAULT NULL,
  `EXCEPTION_MSG_` varchar(4000) CHARACTER SET utf8 COLLATE utf8_bin NULL DEFAULT NULL,
  `DUEDATE_` timestamp(3) NULL DEFAULT NULL,
  `REPEAT_` varchar(255) CHARACTER SET utf8 COLLATE utf8_bin NULL DEFAULT NULL,
  `HANDLER_TYPE_` varchar(255) CHARACTER SET utf8 COLLATE utf8_bin NULL DEFAULT NULL,
  `HANDLER_CFG_` varchar(4000) CHARACTER SET utf8 COLLATE utf8_bin NULL DEFAULT NULL,
  `TENANT_ID_` varchar(255) CHARACTER SET utf8 COLLATE utf8_bin NULL DEFAULT '',
  PRIMARY KEY (`ID_`) USING BTREE,
  INDEX `ACT_FK_JOB_EXCEPTION`(`EXCEPTION_STACK_ID_`) USING BTREE,
  CONSTRAINT `act_ru_job_ibfk_1` FOREIGN KEY (`EXCEPTION_STACK_ID_`) REFERENCES `act_ge_bytearray` (`ID_`) ON DELETE RESTRICT ON UPDATE RESTRICT
) ENGINE = InnoDB CHARACTER SET = utf8 COLLATE = utf8_bin ROW_FORMAT = Dynamic;

-- ----------------------------
-- Table structure for act_ru_task
-- ----------------------------
DROP TABLE IF EXISTS `act_ru_task`;
CREATE TABLE `act_ru_task`  (
  `ID_` varchar(64) CHARACTER SET utf8 COLLATE utf8_bin NOT NULL,
  `REV_` int(11) NULL DEFAULT NULL,
  `EXECUTION_ID_` varchar(64) CHARACTER SET utf8 COLLATE utf8_bin NULL DEFAULT NULL,
  `PROC_INST_ID_` varchar(64) CHARACTER SET utf8 COLLATE utf8_bin NULL DEFAULT NULL,
  `PROC_DEF_ID_` varchar(64) CHARACTER SET utf8 COLLATE utf8_bin NULL DEFAULT NULL,
  `NAME_` varchar(255) CHARACTER SET utf8 COLLATE utf8_bin NULL DEFAULT NULL,
  `PARENT_TASK_ID_` varchar(64) CHARACTER SET utf8 COLLATE utf8_bin NULL DEFAULT NULL,
  `DESCRIPTION_` varchar(4000) CHARACTER SET utf8 COLLATE utf8_bin NULL DEFAULT NULL,
  `TASK_DEF_KEY_` varchar(255) CHARACTER SET utf8 COLLATE utf8_bin NULL DEFAULT NULL,
  `OWNER_` varchar(255) CHARACTER SET utf8 COLLATE utf8_bin NULL DEFAULT NULL,
  `ASSIGNEE_` varchar(255) CHARACTER SET utf8 COLLATE utf8_bin NULL DEFAULT NULL,
  `DELEGATION_` varchar(64) CHARACTER SET utf8 COLLATE utf8_bin NULL DEFAULT NULL,
  `PRIORITY_` int(11) NULL DEFAULT NULL,
  `CREATE_TIME_` timestamp(3) NULL DEFAULT NULL,
  `DUE_DATE_` datetime(3) NULL DEFAULT NULL,
  `CATEGORY_` varchar(255) CHARACTER SET utf8 COLLATE utf8_bin NULL DEFAULT NULL,
  `SUSPENSION_STATE_` int(11) NULL DEFAULT NULL,
  `TENANT_ID_` varchar(255) CHARACTER SET utf8 COLLATE utf8_bin NULL DEFAULT '',
  `FORM_KEY_` varchar(255) CHARACTER SET utf8 COLLATE utf8_bin NULL DEFAULT NULL,
  PRIMARY KEY (`ID_`) USING BTREE,
  INDEX `ACT_IDX_TASK_CREATE`(`CREATE_TIME_`) USING BTREE,
  INDEX `ACT_FK_TASK_EXE`(`EXECUTION_ID_`) USING BTREE,
  INDEX `ACT_FK_TASK_PROCINST`(`PROC_INST_ID_`) USING BTREE,
  INDEX `ACT_FK_TASK_PROCDEF`(`PROC_DEF_ID_`) USING BTREE,
  CONSTRAINT `act_ru_task_ibfk_1` FOREIGN KEY (`EXECUTION_ID_`) REFERENCES `act_ru_execution` (`ID_`) ON DELETE RESTRICT ON UPDATE RESTRICT,
  CONSTRAINT `act_ru_task_ibfk_2` FOREIGN KEY (`PROC_DEF_ID_`) REFERENCES `act_re_procdef` (`ID_`) ON DELETE RESTRICT ON UPDATE RESTRICT,
  CONSTRAINT `act_ru_task_ibfk_3` FOREIGN KEY (`PROC_INST_ID_`) REFERENCES `act_ru_execution` (`ID_`) ON DELETE RESTRICT ON UPDATE RESTRICT
) ENGINE = InnoDB CHARACTER SET = utf8 COLLATE = utf8_bin ROW_FORMAT = Dynamic;

-- ----------------------------
-- Records of act_ru_task
-- ----------------------------
INSERT INTO `act_ru_task` VALUES ('10006', 1, '7509', '7509', 'Leave:1:7508', '审批', NULL, NULL, 'sid-D4B25038-F6B6-4741-B705-529D4790E4D2', NULL, NULL, NULL, 50, '2020-04-05 15:48:02.079', NULL, NULL, 1, '', NULL);
INSERT INTO `act_ru_task` VALUES ('12504', 1, '12501', '12501', 'Leave:1:7508', '请假申请', NULL, NULL, 'user', NULL, NULL, NULL, 50, '2020-04-05 15:54:46.221', NULL, NULL, 1, '', NULL);

-- ----------------------------
-- Table structure for act_ru_variable
-- ----------------------------
DROP TABLE IF EXISTS `act_ru_variable`;
CREATE TABLE `act_ru_variable`  (
  `ID_` varchar(64) CHARACTER SET utf8 COLLATE utf8_bin NOT NULL,
  `REV_` int(11) NULL DEFAULT NULL,
  `TYPE_` varchar(255) CHARACTER SET utf8 COLLATE utf8_bin NOT NULL,
  `NAME_` varchar(255) CHARACTER SET utf8 COLLATE utf8_bin NOT NULL,
  `EXECUTION_ID_` varchar(64) CHARACTER SET utf8 COLLATE utf8_bin NULL DEFAULT NULL,
  `PROC_INST_ID_` varchar(64) CHARACTER SET utf8 COLLATE utf8_bin NULL DEFAULT NULL,
  `TASK_ID_` varchar(64) CHARACTER SET utf8 COLLATE utf8_bin NULL DEFAULT NULL,
  `BYTEARRAY_ID_` varchar(64) CHARACTER SET utf8 COLLATE utf8_bin NULL DEFAULT NULL,
  `DOUBLE_` double NULL DEFAULT NULL,
  `LONG_` bigint(20) NULL DEFAULT NULL,
  `TEXT_` varchar(4000) CHARACTER SET utf8 COLLATE utf8_bin NULL DEFAULT NULL,
  `TEXT2_` varchar(4000) CHARACTER SET utf8 COLLATE utf8_bin NULL DEFAULT NULL,
  PRIMARY KEY (`ID_`) USING BTREE,
  INDEX `ACT_IDX_VARIABLE_TASK_ID`(`TASK_ID_`) USING BTREE,
  INDEX `ACT_FK_VAR_EXE`(`EXECUTION_ID_`) USING BTREE,
  INDEX `ACT_FK_VAR_PROCINST`(`PROC_INST_ID_`) USING BTREE,
  INDEX `ACT_FK_VAR_BYTEARRAY`(`BYTEARRAY_ID_`) USING BTREE,
  CONSTRAINT `act_ru_variable_ibfk_1` FOREIGN KEY (`BYTEARRAY_ID_`) REFERENCES `act_ge_bytearray` (`ID_`) ON DELETE RESTRICT ON UPDATE RESTRICT,
  CONSTRAINT `act_ru_variable_ibfk_2` FOREIGN KEY (`EXECUTION_ID_`) REFERENCES `act_ru_execution` (`ID_`) ON DELETE RESTRICT ON UPDATE RESTRICT,
  CONSTRAINT `act_ru_variable_ibfk_3` FOREIGN KEY (`PROC_INST_ID_`) REFERENCES `act_ru_execution` (`ID_`) ON DELETE RESTRICT ON UPDATE RESTRICT
) ENGINE = InnoDB CHARACTER SET = utf8 COLLATE = utf8_bin ROW_FORMAT = Dynamic;

-- ----------------------------
-- Records of act_ru_variable
-- ----------------------------
INSERT INTO `act_ru_variable` VALUES ('10002', 1, 'string', 'type', '7509', '7509', NULL, NULL, NULL, NULL, '1', NULL);
INSERT INTO `act_ru_variable` VALUES ('10003', 1, 'integer', 'days', '7509', '7509', NULL, NULL, NULL, 2, '2', NULL);
INSERT INTO `act_ru_variable` VALUES ('10004', 1, 'string', 'flag', '7509', '7509', NULL, NULL, NULL, NULL, '审批', NULL);

-- ----------------------------
-- Table structure for dev_column
-- ----------------------------
DROP TABLE IF EXISTS `dev_column`;
CREATE TABLE `dev_column`  (
  `id` int(11) NOT NULL AUTO_INCREMENT COMMENT '编号',
  `table_id` varchar(64) CHARACTER SET utf8mb4 COLLATE utf8mb4_general_ci NULL DEFAULT NULL COMMENT '归属表编号',
  `column_name` varchar(200) CHARACTER SET utf8mb4 COLLATE utf8mb4_general_ci NULL DEFAULT NULL COMMENT '列名称',
  `column_comment` varchar(500) CHARACTER SET utf8mb4 COLLATE utf8mb4_general_ci NULL DEFAULT NULL COMMENT '列描述',
  `column_type` varchar(100) CHARACTER SET utf8mb4 COLLATE utf8mb4_general_ci NULL DEFAULT NULL COMMENT '列类型',
  `java_type` varchar(500) CHARACTER SET utf8mb4 COLLATE utf8mb4_general_ci NULL DEFAULT NULL COMMENT 'JAVA类型',
  `java_field` varchar(200) CHARACTER SET utf8mb4 COLLATE utf8mb4_general_ci NULL DEFAULT NULL COMMENT 'JAVA字段名',
  `is_pk` char(1) CHARACTER SET utf8mb4 COLLATE utf8mb4_general_ci NULL DEFAULT '0' COMMENT '是否主键（1是）',
  `is_increment` char(1) CHARACTER SET utf8mb4 COLLATE utf8mb4_general_ci NULL DEFAULT '0' COMMENT '是否自增（1是）',
  `is_required` char(1) CHARACTER SET utf8mb4 COLLATE utf8mb4_general_ci NULL DEFAULT '0' COMMENT '是否必填（1是）',
  `is_add` char(1) CHARACTER SET utf8mb4 COLLATE utf8mb4_general_ci NULL DEFAULT '0' COMMENT '是否为新增字段（1是）',
  `is_edit` char(1) CHARACTER SET utf8mb4 COLLATE utf8mb4_general_ci NULL DEFAULT '0' COMMENT '是否编辑字段（1是）',
  `is_list` char(1) CHARACTER SET utf8mb4 COLLATE utf8mb4_general_ci NULL DEFAULT NULL COMMENT '是否列表字段（1是）',
  `is_query` char(1) CHARACTER SET utf8mb4 COLLATE utf8mb4_general_ci NULL DEFAULT '0' COMMENT '是否查询字段（1是）',
  `query_type` varchar(20) CHARACTER SET utf8mb4 COLLATE utf8mb4_general_ci NULL DEFAULT 'eq' COMMENT '查询方式（等于、不等于、大于、小于、范围）',
  `html_type` varchar(200) CHARACTER SET utf8mb4 COLLATE utf8mb4_general_ci NULL DEFAULT NULL COMMENT '显示类型（文本框、文本域、下拉框、复选框、单选框、日期控件）',
  `dict_type` varchar(200) CHARACTER SET utf8mb4 COLLATE utf8mb4_general_ci NULL DEFAULT '' COMMENT '字典类型',
  `sort` int(11) NULL DEFAULT NULL COMMENT '排序',
  `create_by` varchar(64) CHARACTER SET utf8mb4 COLLATE utf8mb4_general_ci NULL DEFAULT '' COMMENT '创建者',
  `create_time` datetime(0) NULL DEFAULT NULL COMMENT '创建时间',
  `update_by` varchar(64) CHARACTER SET utf8mb4 COLLATE utf8mb4_general_ci NULL DEFAULT '' COMMENT '更新者',
  `update_time` datetime(0) NULL DEFAULT NULL COMMENT '更新时间',
  `remarks` varchar(500) CHARACTER SET utf8mb4 COLLATE utf8mb4_general_ci NULL DEFAULT NULL COMMENT '备注',
  `del_flag` char(1) CHARACTER SET utf8mb4 COLLATE utf8mb4_bin NULL DEFAULT '0' COMMENT '0-正常，1-删除',
  PRIMARY KEY (`id`) USING BTREE
) ENGINE = InnoDB AUTO_INCREMENT = 1 CHARACTER SET = utf8 COLLATE = utf8_general_ci ROW_FORMAT = Dynamic;

-- ----------------------------
-- Table structure for dev_table
-- ----------------------------
DROP TABLE IF EXISTS `dev_table`;
CREATE TABLE `dev_table`  (
  `id` int(11) NOT NULL AUTO_INCREMENT COMMENT '编号',
  `table_name` varchar(200) CHARACTER SET utf8mb4 COLLATE utf8mb4_general_ci NULL DEFAULT '' COMMENT '表名称',
  `table_comment` varchar(500) CHARACTER SET utf8mb4 COLLATE utf8mb4_general_ci NULL DEFAULT '' COMMENT '表描述',
  `class_name` varchar(100) CHARACTER SET utf8mb4 COLLATE utf8mb4_general_ci NULL DEFAULT '' COMMENT '实体类名称',
  `tpl_category` varchar(200) CHARACTER SET utf8mb4 COLLATE utf8mb4_general_ci NULL DEFAULT 'crud' COMMENT '使用的模板（crud单表操作 tree树表操作）',
  `package_name` varchar(100) CHARACTER SET utf8mb4 COLLATE utf8mb4_general_ci NULL DEFAULT NULL COMMENT '生成包路径',
  `module_name` varchar(30) CHARACTER SET utf8mb4 COLLATE utf8mb4_general_ci NULL DEFAULT NULL COMMENT '生成模块名',
  `business_name` varchar(30) CHARACTER SET utf8mb4 COLLATE utf8mb4_general_ci NULL DEFAULT NULL COMMENT '生成业务名',
  `function_name` varchar(50) CHARACTER SET utf8mb4 COLLATE utf8mb4_general_ci NULL DEFAULT NULL COMMENT '生成功能名',
  `function_author` varchar(50) CHARACTER SET utf8mb4 COLLATE utf8mb4_general_ci NULL DEFAULT NULL COMMENT '生成功能作者',
  `options` varchar(1000) CHARACTER SET utf8mb4 COLLATE utf8mb4_general_ci NULL DEFAULT NULL COMMENT '其它生成选项',
  `create_by` varchar(64) CHARACTER SET utf8mb4 COLLATE utf8mb4_general_ci NULL DEFAULT '' COMMENT '创建者',
  `create_time` datetime(0) NULL DEFAULT NULL COMMENT '创建时间',
  `update_by` varchar(64) CHARACTER SET utf8mb4 COLLATE utf8mb4_general_ci NULL DEFAULT '' COMMENT '更新者',
  `update_time` datetime(0) NULL DEFAULT NULL COMMENT '更新时间',
  `remarks` varchar(500) CHARACTER SET utf8mb4 COLLATE utf8mb4_general_ci NULL DEFAULT NULL COMMENT '备注',
  `del_flag` char(1) CHARACTER SET utf8mb4 COLLATE utf8mb4_bin NULL DEFAULT '0' COMMENT '0-正常，1-删除',
  PRIMARY KEY (`id`) USING BTREE
) ENGINE = InnoDB AUTO_INCREMENT = 1 CHARACTER SET = utf8 COLLATE = utf8_general_ci ROW_FORMAT = Dynamic;

-- ----------------------------
-- Table structure for oauth_client_details
-- ----------------------------
DROP TABLE IF EXISTS `oauth_client_details`;
CREATE TABLE `oauth_client_details`  (
  `client_id` varchar(48) CHARACTER SET utf8 COLLATE utf8_general_ci NOT NULL,
  `resource_ids` varchar(256) CHARACTER SET utf8 COLLATE utf8_general_ci NULL DEFAULT NULL,
  `client_secret` varchar(256) CHARACTER SET utf8 COLLATE utf8_general_ci NULL DEFAULT NULL,
  `scope` varchar(256) CHARACTER SET utf8 COLLATE utf8_general_ci NULL DEFAULT NULL,
  `authorized_grant_types` varchar(256) CHARACTER SET utf8 COLLATE utf8_general_ci NULL DEFAULT NULL,
  `web_server_redirect_uri` varchar(256) CHARACTER SET utf8 COLLATE utf8_general_ci NULL DEFAULT NULL,
  `authorities` varchar(256) CHARACTER SET utf8 COLLATE utf8_general_ci NULL DEFAULT NULL,
  `access_token_validity` int(11) NULL DEFAULT NULL,
  `refresh_token_validity` int(11) NULL DEFAULT NULL,
  `additional_information` varchar(4096) CHARACTER SET utf8 COLLATE utf8_general_ci NULL DEFAULT NULL,
  `autoapprove` varchar(256) CHARACTER SET utf8 COLLATE utf8_general_ci NULL DEFAULT NULL,
  PRIMARY KEY (`client_id`) USING BTREE
) ENGINE = InnoDB CHARACTER SET = utf8 COLLATE = utf8_general_ci ROW_FORMAT = Dynamic;

-- ----------------------------
-- Records of oauth_client_details
-- ----------------------------
INSERT INTO `oauth_client_details` VALUES ('entfrm', '', '$2a$10$IYtF5Qg/TBtau1pT.q4LLu8OdtutvopkxCc4nnV4n.KaadVmeodKK', 'server', 'password,refresh_token', '', NULL, NULL, NULL, NULL, 'true');
INSERT INTO `oauth_client_details` VALUES ('test', NULL, '$2a$10$q0DT1hteQMt7LSdmR5GANekY.YYCpxHQh21OCyGDAamxHjiCJaa86', 'server', 'password,refresh_token', NULL, NULL, NULL, NULL, NULL, 'true');

-- ----------------------------
-- Table structure for qrtz_blob_triggers
-- ----------------------------
DROP TABLE IF EXISTS `qrtz_blob_triggers`;
CREATE TABLE `qrtz_blob_triggers`  (
  `sched_name` varchar(120) CHARACTER SET utf8 COLLATE utf8_general_ci NOT NULL,
  `trigger_name` varchar(200) CHARACTER SET utf8 COLLATE utf8_general_ci NOT NULL,
  `trigger_group` varchar(200) CHARACTER SET utf8 COLLATE utf8_general_ci NOT NULL,
  `blob_data` blob NULL,
  PRIMARY KEY (`sched_name`, `trigger_name`, `trigger_group`) USING BTREE,
  CONSTRAINT `qrtz_blob_triggers_ibfk_1` FOREIGN KEY (`sched_name`, `trigger_name`, `trigger_group`) REFERENCES `qrtz_triggers` (`sched_name`, `trigger_name`, `trigger_group`) ON DELETE RESTRICT ON UPDATE RESTRICT
) ENGINE = InnoDB CHARACTER SET = utf8 COLLATE = utf8_general_ci ROW_FORMAT = Dynamic;

-- ----------------------------
-- Table structure for qrtz_calendars
-- ----------------------------
DROP TABLE IF EXISTS `qrtz_calendars`;
CREATE TABLE `qrtz_calendars`  (
  `sched_name` varchar(120) CHARACTER SET utf8 COLLATE utf8_general_ci NOT NULL,
  `calendar_name` varchar(200) CHARACTER SET utf8 COLLATE utf8_general_ci NOT NULL,
  `calendar` blob NOT NULL,
  PRIMARY KEY (`sched_name`, `calendar_name`) USING BTREE
) ENGINE = InnoDB CHARACTER SET = utf8 COLLATE = utf8_general_ci ROW_FORMAT = Dynamic;

-- ----------------------------
-- Table structure for qrtz_cron_triggers
-- ----------------------------
DROP TABLE IF EXISTS `qrtz_cron_triggers`;
CREATE TABLE `qrtz_cron_triggers`  (
  `sched_name` varchar(120) CHARACTER SET utf8 COLLATE utf8_general_ci NOT NULL,
  `trigger_name` varchar(200) CHARACTER SET utf8 COLLATE utf8_general_ci NOT NULL,
  `trigger_group` varchar(200) CHARACTER SET utf8 COLLATE utf8_general_ci NOT NULL,
  `cron_expression` varchar(200) CHARACTER SET utf8 COLLATE utf8_general_ci NOT NULL,
  `time_zone_id` varchar(80) CHARACTER SET utf8 COLLATE utf8_general_ci NULL DEFAULT NULL,
  PRIMARY KEY (`sched_name`, `trigger_name`, `trigger_group`) USING BTREE,
  CONSTRAINT `qrtz_cron_triggers_ibfk_1` FOREIGN KEY (`sched_name`, `trigger_name`, `trigger_group`) REFERENCES `qrtz_triggers` (`sched_name`, `trigger_name`, `trigger_group`) ON DELETE RESTRICT ON UPDATE RESTRICT
) ENGINE = InnoDB CHARACTER SET = utf8 COLLATE = utf8_general_ci ROW_FORMAT = Dynamic;

-- ----------------------------
-- Table structure for qrtz_fired_triggers
-- ----------------------------
DROP TABLE IF EXISTS `qrtz_fired_triggers`;
CREATE TABLE `qrtz_fired_triggers`  (
  `sched_name` varchar(120) CHARACTER SET utf8 COLLATE utf8_general_ci NOT NULL,
  `entry_id` varchar(95) CHARACTER SET utf8 COLLATE utf8_general_ci NOT NULL,
  `trigger_name` varchar(200) CHARACTER SET utf8 COLLATE utf8_general_ci NOT NULL,
  `trigger_group` varchar(200) CHARACTER SET utf8 COLLATE utf8_general_ci NOT NULL,
  `instance_name` varchar(200) CHARACTER SET utf8 COLLATE utf8_general_ci NOT NULL,
  `fired_time` bigint(13) NOT NULL,
  `sched_time` bigint(13) NOT NULL,
  `priority` int(11) NOT NULL,
  `state` varchar(16) CHARACTER SET utf8 COLLATE utf8_general_ci NOT NULL,
  `job_name` varchar(200) CHARACTER SET utf8 COLLATE utf8_general_ci NULL DEFAULT NULL,
  `job_group` varchar(200) CHARACTER SET utf8 COLLATE utf8_general_ci NULL DEFAULT NULL,
  `is_nonconcurrent` varchar(1) CHARACTER SET utf8 COLLATE utf8_general_ci NULL DEFAULT NULL,
  `requests_recovery` varchar(1) CHARACTER SET utf8 COLLATE utf8_general_ci NULL DEFAULT NULL,
  PRIMARY KEY (`sched_name`, `entry_id`) USING BTREE
) ENGINE = InnoDB CHARACTER SET = utf8 COLLATE = utf8_general_ci ROW_FORMAT = Dynamic;

-- ----------------------------
-- Table structure for qrtz_job_details
-- ----------------------------
DROP TABLE IF EXISTS `qrtz_job_details`;
CREATE TABLE `qrtz_job_details`  (
  `sched_name` varchar(120) CHARACTER SET utf8 COLLATE utf8_general_ci NOT NULL,
  `job_name` varchar(200) CHARACTER SET utf8 COLLATE utf8_general_ci NOT NULL,
  `job_group` varchar(200) CHARACTER SET utf8 COLLATE utf8_general_ci NOT NULL,
  `description` varchar(250) CHARACTER SET utf8 COLLATE utf8_general_ci NULL DEFAULT NULL,
  `job_class_name` varchar(250) CHARACTER SET utf8 COLLATE utf8_general_ci NOT NULL,
  `is_durable` varchar(1) CHARACTER SET utf8 COLLATE utf8_general_ci NOT NULL,
  `is_nonconcurrent` varchar(1) CHARACTER SET utf8 COLLATE utf8_general_ci NOT NULL,
  `is_update_data` varchar(1) CHARACTER SET utf8 COLLATE utf8_general_ci NOT NULL,
  `requests_recovery` varchar(1) CHARACTER SET utf8 COLLATE utf8_general_ci NOT NULL,
  `job_data` blob NULL,
  PRIMARY KEY (`sched_name`, `job_name`, `job_group`) USING BTREE
) ENGINE = InnoDB CHARACTER SET = utf8 COLLATE = utf8_general_ci ROW_FORMAT = Dynamic;

-- ----------------------------
-- Table structure for qrtz_locks
-- ----------------------------
DROP TABLE IF EXISTS `qrtz_locks`;
CREATE TABLE `qrtz_locks`  (
  `sched_name` varchar(120) CHARACTER SET utf8 COLLATE utf8_general_ci NOT NULL,
  `lock_name` varchar(40) CHARACTER SET utf8 COLLATE utf8_general_ci NOT NULL,
  PRIMARY KEY (`sched_name`, `lock_name`) USING BTREE
) ENGINE = InnoDB CHARACTER SET = utf8 COLLATE = utf8_general_ci ROW_FORMAT = Dynamic;

-- ----------------------------
-- Table structure for qrtz_paused_trigger_grps
-- ----------------------------
DROP TABLE IF EXISTS `qrtz_paused_trigger_grps`;
CREATE TABLE `qrtz_paused_trigger_grps`  (
  `sched_name` varchar(120) CHARACTER SET utf8 COLLATE utf8_general_ci NOT NULL,
  `trigger_group` varchar(200) CHARACTER SET utf8 COLLATE utf8_general_ci NOT NULL,
  PRIMARY KEY (`sched_name`, `trigger_group`) USING BTREE
) ENGINE = InnoDB CHARACTER SET = utf8 COLLATE = utf8_general_ci ROW_FORMAT = Dynamic;

-- ----------------------------
-- Table structure for qrtz_scheduler_state
-- ----------------------------
DROP TABLE IF EXISTS `qrtz_scheduler_state`;
CREATE TABLE `qrtz_scheduler_state`  (
  `sched_name` varchar(120) CHARACTER SET utf8 COLLATE utf8_general_ci NOT NULL,
  `instance_name` varchar(200) CHARACTER SET utf8 COLLATE utf8_general_ci NOT NULL,
  `last_checkin_time` bigint(13) NOT NULL,
  `checkin_interval` bigint(13) NOT NULL,
  PRIMARY KEY (`sched_name`, `instance_name`) USING BTREE
) ENGINE = InnoDB CHARACTER SET = utf8 COLLATE = utf8_general_ci ROW_FORMAT = Dynamic;

-- ----------------------------
-- Table structure for qrtz_simple_triggers
-- ----------------------------
DROP TABLE IF EXISTS `qrtz_simple_triggers`;
CREATE TABLE `qrtz_simple_triggers`  (
  `sched_name` varchar(120) CHARACTER SET utf8 COLLATE utf8_general_ci NOT NULL,
  `trigger_name` varchar(200) CHARACTER SET utf8 COLLATE utf8_general_ci NOT NULL,
  `trigger_group` varchar(200) CHARACTER SET utf8 COLLATE utf8_general_ci NOT NULL,
  `repeat_count` bigint(7) NOT NULL,
  `repeat_interval` bigint(12) NOT NULL,
  `times_triggered` bigint(10) NOT NULL,
  PRIMARY KEY (`sched_name`, `trigger_name`, `trigger_group`) USING BTREE,
  CONSTRAINT `QRTZ_SIMPLE_TRIGGERS_IBFK_1` FOREIGN KEY (`sched_name`, `trigger_name`, `trigger_group`) REFERENCES `qrtz_triggers` (`sched_name`, `trigger_name`, `trigger_group`) ON DELETE RESTRICT ON UPDATE RESTRICT
) ENGINE = InnoDB CHARACTER SET = utf8 COLLATE = utf8_general_ci ROW_FORMAT = Dynamic;

-- ----------------------------
-- Table structure for qrtz_simprop_triggers
-- ----------------------------
DROP TABLE IF EXISTS `qrtz_simprop_triggers`;
CREATE TABLE `qrtz_simprop_triggers`  (
  `sched_name` varchar(120) CHARACTER SET utf8 COLLATE utf8_general_ci NOT NULL,
  `trigger_name` varchar(200) CHARACTER SET utf8 COLLATE utf8_general_ci NOT NULL,
  `trigger_group` varchar(200) CHARACTER SET utf8 COLLATE utf8_general_ci NOT NULL,
  `str_prop_1` varchar(512) CHARACTER SET utf8 COLLATE utf8_general_ci NULL DEFAULT NULL,
  `str_prop_2` varchar(512) CHARACTER SET utf8 COLLATE utf8_general_ci NULL DEFAULT NULL,
  `str_prop_3` varchar(512) CHARACTER SET utf8 COLLATE utf8_general_ci NULL DEFAULT NULL,
  `int_prop_1` int(11) NULL DEFAULT NULL,
  `int_prop_2` int(11) NULL DEFAULT NULL,
  `long_prop_1` bigint(20) NULL DEFAULT NULL,
  `long_prop_2` bigint(20) NULL DEFAULT NULL,
  `dec_prop_1` decimal(13, 4) NULL DEFAULT NULL,
  `dec_prop_2` decimal(13, 4) NULL DEFAULT NULL,
  `bool_prop_1` varchar(1) CHARACTER SET utf8 COLLATE utf8_general_ci NULL DEFAULT NULL,
  `bool_prop_2` varchar(1) CHARACTER SET utf8 COLLATE utf8_general_ci NULL DEFAULT NULL,
  PRIMARY KEY (`sched_name`, `trigger_name`, `trigger_group`) USING BTREE,
  CONSTRAINT `QRTZ_SIMPROP_TRIGGERS_IBFK_1` FOREIGN KEY (`sched_name`, `trigger_name`, `trigger_group`) REFERENCES `qrtz_triggers` (`sched_name`, `trigger_name`, `trigger_group`) ON DELETE RESTRICT ON UPDATE RESTRICT
) ENGINE = InnoDB CHARACTER SET = utf8 COLLATE = utf8_general_ci ROW_FORMAT = Dynamic;

-- ----------------------------
-- Table structure for qrtz_triggers
-- ----------------------------
DROP TABLE IF EXISTS `qrtz_triggers`;
CREATE TABLE `qrtz_triggers`  (
  `sched_name` varchar(120) CHARACTER SET utf8 COLLATE utf8_general_ci NOT NULL,
  `trigger_name` varchar(200) CHARACTER SET utf8 COLLATE utf8_general_ci NOT NULL,
  `trigger_group` varchar(200) CHARACTER SET utf8 COLLATE utf8_general_ci NOT NULL,
  `job_name` varchar(200) CHARACTER SET utf8 COLLATE utf8_general_ci NOT NULL,
  `job_group` varchar(200) CHARACTER SET utf8 COLLATE utf8_general_ci NOT NULL,
  `description` varchar(250) CHARACTER SET utf8 COLLATE utf8_general_ci NULL DEFAULT NULL,
  `next_fire_time` bigint(13) NULL DEFAULT NULL,
  `prev_fire_time` bigint(13) NULL DEFAULT NULL,
  `priority` int(11) NULL DEFAULT NULL,
  `trigger_state` varchar(16) CHARACTER SET utf8 COLLATE utf8_general_ci NOT NULL,
  `trigger_type` varchar(8) CHARACTER SET utf8 COLLATE utf8_general_ci NOT NULL,
  `start_time` bigint(13) NOT NULL,
  `end_time` bigint(13) NULL DEFAULT NULL,
  `calendar_name` varchar(200) CHARACTER SET utf8 COLLATE utf8_general_ci NULL DEFAULT NULL,
  `misfire_instr` smallint(2) NULL DEFAULT NULL,
  `job_data` blob NULL,
  PRIMARY KEY (`sched_name`, `trigger_name`, `trigger_group`) USING BTREE,
  INDEX `sched_name`(`sched_name`, `job_name`, `job_group`) USING BTREE,
  CONSTRAINT `qrtz_triggers_ibfk_1` FOREIGN KEY (`sched_name`, `job_name`, `job_group`) REFERENCES `qrtz_job_details` (`sched_name`, `job_name`, `job_group`) ON DELETE RESTRICT ON UPDATE RESTRICT
) ENGINE = InnoDB CHARACTER SET = utf8 COLLATE = utf8_general_ci ROW_FORMAT = Dynamic;

-- ----------------------------
-- Table structure for sys_area
-- ----------------------------
DROP TABLE IF EXISTS `sys_area`;
CREATE TABLE `sys_area`  (
  `id` int(11) NOT NULL AUTO_INCREMENT,
  `parent_id` int(11) NULL DEFAULT NULL,
  `ancestors` varchar(255) CHARACTER SET utf8 COLLATE utf8_general_ci NULL DEFAULT NULL COMMENT '所有父级编号',
  `name` varchar(30) CHARACTER SET utf8 COLLATE utf8_general_ci NULL DEFAULT NULL COMMENT '区域名称',
  `code` varchar(100) CHARACTER SET utf8 COLLATE utf8_general_ci NULL DEFAULT NULL COMMENT '区域编码',
  `sort` int(4) NULL DEFAULT 0 COMMENT '显示顺序',
  `type` char(1) CHARACTER SET utf8 COLLATE utf8_general_ci NULL DEFAULT NULL COMMENT '区域类型',
  `create_by` varchar(30) CHARACTER SET utf8 COLLATE utf8_general_ci NULL DEFAULT NULL COMMENT '创建者',
  `create_time` datetime(0) NULL DEFAULT NULL COMMENT '创建时间',
  `update_by` varchar(30) CHARACTER SET utf8 COLLATE utf8_general_ci NULL DEFAULT NULL COMMENT '更新者',
  `update_time` datetime(0) NULL DEFAULT NULL COMMENT '更新时间',
  `remarks` varchar(255) CHARACTER SET utf8 COLLATE utf8_general_ci NULL DEFAULT NULL COMMENT '备注信息',
  `del_flag` char(1) CHARACTER SET utf8 COLLATE utf8_general_ci NULL DEFAULT '0' COMMENT '删除标记',
  PRIMARY KEY (`id`) USING BTREE
) ENGINE = InnoDB AUTO_INCREMENT = 1 CHARACTER SET = utf8 COLLATE = utf8_general_ci ROW_FORMAT = Dynamic;

-- ----------------------------
-- Table structure for sys_backup
-- ----------------------------
DROP TABLE IF EXISTS `sys_backup`;
CREATE TABLE `sys_backup`  (
  `id` int(11) NOT NULL AUTO_INCREMENT COMMENT '编号',
  `name` varchar(120) CHARACTER SET utf8 COLLATE utf8_general_ci NULL DEFAULT NULL COMMENT '名称',
  `path` varchar(255) CHARACTER SET utf8 COLLATE utf8_general_ci NULL DEFAULT NULL COMMENT '路径',
  `create_by` varchar(30) CHARACTER SET utf8 COLLATE utf8_general_ci NULL DEFAULT NULL COMMENT '创建人',
  `create_time` datetime(0) NULL DEFAULT CURRENT_TIMESTAMP(0) COMMENT '创建时间',
  `update_by` varchar(30) CHARACTER SET utf8 COLLATE utf8_general_ci NULL DEFAULT NULL COMMENT '修改人',
  `update_time` datetime(0) NULL DEFAULT NULL ON UPDATE CURRENT_TIMESTAMP(0) COMMENT '修改时间',
  `remarks` varchar(255) CHARACTER SET utf8 COLLATE utf8_general_ci NULL DEFAULT '' COMMENT '备注',
  `del_flag` char(1) CHARACTER SET utf8mb4 COLLATE utf8mb4_bin NULL DEFAULT '0' COMMENT '0-正常，1-删除',
  PRIMARY KEY (`id`) USING BTREE
) ENGINE = InnoDB AUTO_INCREMENT = 3 CHARACTER SET = utf8 COLLATE = utf8_general_ci ROW_FORMAT = Dynamic;

-- ----------------------------
-- Records of sys_backup
-- ----------------------------
INSERT INTO `sys_backup` VALUES (1, '20200320222643', 'nullbackup/entfrm_20200320222643.sql', 'entfrm', '2020-03-20 22:26:45', NULL, '2020-03-20 22:29:01', '测试一下', '1');
INSERT INTO `sys_backup` VALUES (2, '20200320222908', 'F:/profile/backup/entfrm_20200320222908.sql', 'entfrm', '2020-03-20 22:29:08', NULL, NULL, '测试一下', '0');

-- ----------------------------
-- Table structure for sys_config
-- ----------------------------
DROP TABLE IF EXISTS `sys_config`;
CREATE TABLE `sys_config`  (
  `id` int(11) NOT NULL AUTO_INCREMENT COMMENT '编号',
  `name` varchar(100) CHARACTER SET utf8mb4 COLLATE utf8mb4_general_ci NULL DEFAULT '' COMMENT '参数名称',
  `key` varchar(100) CHARACTER SET utf8mb4 COLLATE utf8mb4_general_ci NULL DEFAULT '' COMMENT '参数键名',
  `value` varchar(500) CHARACTER SET utf8mb4 COLLATE utf8mb4_general_ci NULL DEFAULT '' COMMENT '参数键值',
  `is_sys` char(1) CHARACTER SET utf8mb4 COLLATE utf8mb4_general_ci NULL DEFAULT '0' COMMENT '系统内置 0-是|1-否',
  `create_by` varchar(64) CHARACTER SET utf8mb4 COLLATE utf8mb4_general_ci NULL DEFAULT '' COMMENT '创建者',
  `create_time` datetime(0) NULL DEFAULT NULL COMMENT '创建时间',
  `update_by` varchar(64) CHARACTER SET utf8mb4 COLLATE utf8mb4_general_ci NULL DEFAULT '' COMMENT '更新者',
  `update_time` datetime(0) NULL DEFAULT NULL COMMENT '更新时间',
  `remarks` varchar(500) CHARACTER SET utf8mb4 COLLATE utf8mb4_general_ci NULL DEFAULT NULL COMMENT '备注',
  `del_flag` char(1) CHARACTER SET utf8 COLLATE utf8_general_ci NULL DEFAULT '0' COMMENT '删除标记',
  PRIMARY KEY (`id`) USING BTREE
) ENGINE = InnoDB AUTO_INCREMENT = 2 CHARACTER SET = utf8 COLLATE = utf8_general_ci ROW_FORMAT = Dynamic;

-- ----------------------------
-- Records of sys_config
-- ----------------------------
INSERT INTO `sys_config` VALUES (1, '初始密码', 'user.initPassword', '123456', '0', 'entfrm', '2020-03-15 21:51:13', '', NULL, NULL, '0');

-- ----------------------------
-- Table structure for sys_datasource
-- ----------------------------
DROP TABLE IF EXISTS `sys_datasource`;
CREATE TABLE `sys_datasource`  (
  `id` int(11) NOT NULL AUTO_INCREMENT COMMENT '主键',
  `name` varchar(255) CHARACTER SET utf8mb4 COLLATE utf8mb4_general_ci NULL DEFAULT NULL COMMENT '名称',
  `driver_class_name` varchar(255) CHARACTER SET utf8mb4 COLLATE utf8mb4_general_ci NULL DEFAULT NULL COMMENT '数据驱动',
  `url` varchar(255) CHARACTER SET utf8mb4 COLLATE utf8mb4_general_ci NULL DEFAULT NULL COMMENT 'url地址',
  `username` varchar(255) CHARACTER SET utf8mb4 COLLATE utf8mb4_general_ci NULL DEFAULT NULL COMMENT '用户',
  `password` varchar(255) CHARACTER SET utf8mb4 COLLATE utf8mb4_general_ci NULL DEFAULT NULL COMMENT '密码',
  `alias` varchar(120) CHARACTER SET utf8mb4 COLLATE utf8mb4_general_ci NULL DEFAULT NULL COMMENT '别名',
  `create_by` varchar(30) CHARACTER SET utf8 COLLATE utf8_general_ci NULL DEFAULT NULL COMMENT '创建人',
  `create_time` datetime(0) NULL DEFAULT CURRENT_TIMESTAMP(0) COMMENT '创建时间',
  `update_by` varchar(30) CHARACTER SET utf8 COLLATE utf8_general_ci NULL DEFAULT NULL COMMENT '修改人',
  `update_time` datetime(0) NULL DEFAULT CURRENT_TIMESTAMP(0) ON UPDATE CURRENT_TIMESTAMP(0) COMMENT '更新时间',
  `remarks` varchar(255) CHARACTER SET utf8 COLLATE utf8_general_ci NULL DEFAULT '' COMMENT '备注',
  `del_flag` char(50) CHARACTER SET utf8mb4 COLLATE utf8mb4_general_ci NULL DEFAULT '0' COMMENT '删除标记',
  PRIMARY KEY (`id`) USING BTREE
) ENGINE = InnoDB AUTO_INCREMENT = 4 CHARACTER SET = utf8mb4 COLLATE = utf8mb4_general_ci ROW_FORMAT = Dynamic;

-- ----------------------------
-- Records of sys_datasource
-- ----------------------------
INSERT INTO `sys_datasource` VALUES (1, 'entfrm', 'com.mysql.cj.jdbc.Driver', 'jdbc:mysql://127.0.0.1:3306/entfrm?characterEncoding=utf8&zeroDateTimeBehavior=convertToNull&useSSL=false&useJDBCCompliantTimezoneShift=true&useLegacyDatetimeCode=false&serverTimezone=GMT%2B8&allowMultiQueries=true', 'root', '123456Aa', 'mysql_entfrm_1', 'entfrm', '2020-02-21 11:37:30', 'entfrm', '2020-03-25 13:02:35', '', '0');
INSERT INTO `sys_datasource` VALUES (2, 'presys', 'com.mysql.cj.jdbc.Driver', 'jdbc:mysql://127.0.0.1:3306/presys?characterEncoding=utf8&zeroDateTimeBehavior=convertToNull&useSSL=false&useJDBCCompliantTimezoneShift=true&useLegacyDatetimeCode=false&serverTimezone=GMT%2B8&allowMultiQueries=true', 'root', '123456Aa', 'mysql_presys_2', 'entfrm', '2020-02-21 11:37:30', 'entfrm', '2020-03-25 13:02:37', '', '0');
INSERT INTO `sys_datasource` VALUES (3, 'player', 'com.mysql.cj.jdbc.Driver', 'jdbc:mysql://127.0.0.1:3306/player?characterEncoding=utf8&zeroDateTimeBehavior=convertToNull&useSSL=false&useJDBCCompliantTimezoneShift=true&useLegacyDatetimeCode=false&serverTimezone=GMT%2B8&allowMultiQueries=true', 'root', '123456Aa', 'mysql_player_3', 'entfrm', '2020-02-21 11:37:30', 'entfrm', '2020-03-25 13:02:41', '', '0');

-- ----------------------------
-- Table structure for sys_dept
-- ----------------------------
DROP TABLE IF EXISTS `sys_dept`;
CREATE TABLE `sys_dept`  (
  `id` int(11) NOT NULL AUTO_INCREMENT,
  `code` varchar(30) CHARACTER SET utf8 COLLATE utf8_general_ci NULL DEFAULT NULL COMMENT '机构编码',
  `name` varchar(60) CHARACTER SET utf8 COLLATE utf8_general_ci NULL DEFAULT NULL COMMENT '机构名称',
  `parent_id` int(11) NULL DEFAULT 0 COMMENT '父级编号',
  `ancestors` varchar(120) CHARACTER SET utf8 COLLATE utf8_general_ci NULL DEFAULT '0' COMMENT '祖级列表',
  `sort` int(11) NULL DEFAULT 1 COMMENT '排序',
  `contacts` varchar(30) CHARACTER SET utf8 COLLATE utf8_general_ci NULL DEFAULT NULL COMMENT '联系人',
  `phone` varchar(20) CHARACTER SET utf8 COLLATE utf8_general_ci NULL DEFAULT NULL COMMENT '电话',
  `address` varchar(255) CHARACTER SET utf8 COLLATE utf8_general_ci NULL DEFAULT NULL COMMENT '联系地址',
  `email` varchar(60) CHARACTER SET utf8 COLLATE utf8_general_ci NULL DEFAULT NULL COMMENT '邮箱',
  `status` char(1) CHARACTER SET utf8 COLLATE utf8_general_ci NULL DEFAULT '0' COMMENT '帐号状态（0正常 1停用）',
  `create_by` varchar(30) CHARACTER SET utf8 COLLATE utf8_general_ci NULL DEFAULT NULL COMMENT '创建人',
  `create_time` datetime(0) NULL DEFAULT NULL COMMENT '创建时间',
  `update_by` varchar(30) CHARACTER SET utf8 COLLATE utf8_general_ci NULL DEFAULT NULL COMMENT '修改人',
  `update_time` datetime(0) NULL DEFAULT NULL ON UPDATE CURRENT_TIMESTAMP(0) COMMENT '修改时间',
  `remarks` varchar(255) CHARACTER SET utf8 COLLATE utf8_general_ci NULL DEFAULT NULL COMMENT '备注信息',
  `del_flag` char(1) CHARACTER SET utf8 COLLATE utf8_general_ci NOT NULL DEFAULT '0' COMMENT '删除标记',
  PRIMARY KEY (`id`) USING BTREE
) ENGINE = InnoDB AUTO_INCREMENT = 4 CHARACTER SET = utf8mb4 COLLATE = utf8mb4_general_ci ROW_FORMAT = Dynamic;

-- ----------------------------
-- Records of sys_dept
-- ----------------------------
INSERT INTO `sys_dept` VALUES (1, '100001', '重庆总公司', 0, '0', 1, 'entfrm', '15688888888', NULL, NULL, '0', 'entfrm', '2020-02-13 20:55:57', NULL, '2020-03-19 20:49:29', NULL, '0');
INSERT INTO `sys_dept` VALUES (2, '10000101', '北京分公司', 1, '0,1', 1, NULL, NULL, NULL, NULL, '0', NULL, NULL, NULL, '2020-03-15 20:22:11', NULL, '0');
INSERT INTO `sys_dept` VALUES (3, '10000102', '昆明分公司', 1, '0,1', 2, NULL, NULL, NULL, NULL, '0', NULL, NULL, NULL, '2020-03-15 20:37:02', NULL, '0');

-- ----------------------------
-- Table structure for sys_dict
-- ----------------------------
DROP TABLE IF EXISTS `sys_dict`;
CREATE TABLE `sys_dict`  (
  `id` int(11) NOT NULL AUTO_INCREMENT,
  `name` varchar(100) CHARACTER SET utf8 COLLATE utf8_general_ci NULL DEFAULT '' COMMENT '字典名称',
  `type` varchar(100) CHARACTER SET utf8 COLLATE utf8_general_ci NULL DEFAULT '' COMMENT '字典类型',
  `is_sys` char(1) CHARACTER SET utf8 COLLATE utf8_general_ci NOT NULL DEFAULT '0' COMMENT '0-是|1-否',
  `status` char(1) CHARACTER SET utf8 COLLATE utf8_general_ci NULL DEFAULT '0' COMMENT '状态（0正常 1停用）',
  `create_by` varchar(30) CHARACTER SET utf8 COLLATE utf8_general_ci NULL DEFAULT NULL COMMENT '创建人',
  `create_time` datetime(0) NULL DEFAULT CURRENT_TIMESTAMP(0) COMMENT '创建时间',
  `update_by` varchar(30) CHARACTER SET utf8 COLLATE utf8_general_ci NULL DEFAULT NULL COMMENT '修改人',
  `update_time` datetime(0) NULL DEFAULT NULL ON UPDATE CURRENT_TIMESTAMP(0) COMMENT '修改时间',
  `remarks` varchar(255) CHARACTER SET utf8 COLLATE utf8_general_ci NULL DEFAULT '' COMMENT '备注',
  `del_flag` char(1) CHARACTER SET utf8mb4 COLLATE utf8mb4_bin NULL DEFAULT '0' COMMENT '0-正常，1-删除',
  PRIMARY KEY (`id`) USING BTREE
) ENGINE = InnoDB AUTO_INCREMENT = 13 CHARACTER SET = utf8 COLLATE = utf8_general_ci ROW_FORMAT = Dynamic;

-- ----------------------------
-- Records of sys_dict
-- ----------------------------
INSERT INTO `sys_dict` VALUES (1, '用户性别', 'user_sex', '0', '0', 'admin', '2018-03-16 11:33:00', 'admin', '2020-03-17 14:19:40', '用户性别列表', '0');
INSERT INTO `sys_dict` VALUES (2, '菜单状态', 'menu_status', '0', '0', 'admin', '2018-03-16 11:33:00', 'admin', '2020-03-17 14:19:41', '菜单状态列表', '0');
INSERT INTO `sys_dict` VALUES (3, '是否', 'yes_no', '0', '0', 'admin', '2018-03-16 11:33:00', 'admin', '2020-03-17 14:19:42', '是否列表', '0');
INSERT INTO `sys_dict` VALUES (4, '状态', 'status', '0', '0', 'admin', '2018-03-16 11:33:00', 'admin', '2020-03-17 14:19:42', '状态列表', '0');
INSERT INTO `sys_dict` VALUES (5, '成功失败', 'success_fail', '0', '0', 'admin', '2019-08-24 10:02:57', 'admin', '2020-03-17 14:19:43', '成功失败列表', '0');
INSERT INTO `sys_dict` VALUES (6, '文件类别', 'file_type', '0', '0', 'entfrm', '2020-03-17 13:57:44', 'entfrm', '2020-03-20 22:48:19', '文件类别列表', '0');
INSERT INTO `sys_dict` VALUES (7, '数据库类型', 'datasource_type', '0', '0', 'entfrm', '2020-03-21 11:33:14', 'entfrm', '2020-03-22 09:56:10', '数据库类型列表', '0');
INSERT INTO `sys_dict` VALUES (8, '任务类型', 'job_type', '0', '0', 'entfrm', '2020-03-21 21:21:46', NULL, NULL, '任务类型列表', '0');
INSERT INTO `sys_dict` VALUES (9, '登录类型', 'login_type', '0', '0', 'entfrm', '2020-03-22 09:55:59', NULL, NULL, '登录类型列表', '0');
INSERT INTO `sys_dict` VALUES (10, '快捷方式类型', 'shortcut_type', '0', '0', 'entfrm', '2020-03-27 09:48:05', 'entfrm', '2020-03-27 10:14:27', '快捷方式类型列表', '0');
INSERT INTO `sys_dict` VALUES (11, '模型分类', 'model_category', '0', '0', 'entfrm', '2020-04-04 22:09:36', NULL, NULL, '', '0');
INSERT INTO `sys_dict` VALUES (12, '请假类型', 'leave_type', '0', '0', 'entfrm', '2020-04-05 10:08:18', NULL, NULL, '', '0');

-- ----------------------------
-- Table structure for sys_dict_data
-- ----------------------------
DROP TABLE IF EXISTS `sys_dict_data`;
CREATE TABLE `sys_dict_data`  (
  `id` int(11) NOT NULL AUTO_INCREMENT COMMENT '编号',
  `dict_id` int(11) NULL DEFAULT NULL COMMENT '字典编号',
  `dict_type` varchar(100) CHARACTER SET utf8 COLLATE utf8_general_ci NOT NULL COMMENT '类型',
  `label` varchar(100) CHARACTER SET utf8 COLLATE utf8_general_ci NOT NULL COMMENT '标签名',
  `value` varchar(100) CHARACTER SET utf8 COLLATE utf8_general_ci NOT NULL COMMENT '数据值',
  `sort` int(10) NOT NULL COMMENT '排序（升序）',
  `create_by` varchar(30) CHARACTER SET utf8 COLLATE utf8_general_ci NULL DEFAULT NULL COMMENT '创建人',
  `create_time` datetime(0) NOT NULL DEFAULT CURRENT_TIMESTAMP(0) COMMENT '创建时间',
  `update_by` varchar(30) CHARACTER SET utf8 COLLATE utf8_general_ci NULL DEFAULT NULL COMMENT '修改人',
  `update_time` datetime(0) NOT NULL DEFAULT CURRENT_TIMESTAMP(0) ON UPDATE CURRENT_TIMESTAMP(0) COMMENT '更新时间',
  `remarks` varchar(255) CHARACTER SET utf8 COLLATE utf8_general_ci NULL DEFAULT NULL COMMENT '备注信息',
  `del_flag` char(1) CHARACTER SET utf8 COLLATE utf8_general_ci NOT NULL DEFAULT '0' COMMENT '删除标记',
  PRIMARY KEY (`id`) USING BTREE
) ENGINE = InnoDB AUTO_INCREMENT = 31 CHARACTER SET = utf8 COLLATE = utf8_general_ci ROW_FORMAT = Dynamic;

-- ----------------------------
-- Records of sys_dict_data
-- ----------------------------
INSERT INTO `sys_dict_data` VALUES (1, 1, 'user_sex', '男', '0', 1, NULL, '2019-08-13 18:33:37', NULL, '2019-08-13 18:33:40', NULL, '0');
INSERT INTO `sys_dict_data` VALUES (2, 1, 'user_sex', '女', '1', 2, NULL, '2019-08-13 18:34:03', NULL, '2019-08-13 18:34:07', NULL, '0');
INSERT INTO `sys_dict_data` VALUES (3, 2, 'menu_status', '隐藏', '1', 2, NULL, '2019-08-13 18:33:37', NULL, '2019-08-19 15:42:29', NULL, '0');
INSERT INTO `sys_dict_data` VALUES (4, 2, 'menu_status', '显示', '0', 1, NULL, '2019-08-13 18:33:37', NULL, '2019-08-19 15:42:28', NULL, '0');
INSERT INTO `sys_dict_data` VALUES (5, 3, 'yes_no', '是', '0', 1, NULL, '2019-08-13 18:33:37', 'admin', '2020-03-17 12:05:05', '', '0');
INSERT INTO `sys_dict_data` VALUES (6, 3, 'yes_no', '否', '1', 2, NULL, '2019-08-13 18:33:37', 'admin', '2020-03-17 12:05:06', '', '0');
INSERT INTO `sys_dict_data` VALUES (7, 4, 'status', '停用', '1', 2, NULL, '2019-08-13 18:34:03', 'admin', '2019-08-19 15:43:00', '', '0');
INSERT INTO `sys_dict_data` VALUES (8, 4, 'status', '正常', '0', 1, NULL, '2019-08-13 18:33:37', NULL, '2019-08-19 15:42:59', NULL, '0');
INSERT INTO `sys_dict_data` VALUES (9, NULL, 'success_fail', '成功', '0', 10, 'admin', '2019-08-24 11:48:18', 'entfrm', '2019-08-24 11:48:17', '', '0');
INSERT INTO `sys_dict_data` VALUES (10, NULL, 'success_fail', '失败', '1', 20, 'admin', '2019-08-24 11:48:27', NULL, '2019-08-24 11:48:26', '', '0');
INSERT INTO `sys_dict_data` VALUES (11, NULL, 'file_type', '图片', 'image', 1, 'entfrm', '2020-03-20 22:48:39', NULL, '2020-03-28 16:27:48', NULL, '0');
INSERT INTO `sys_dict_data` VALUES (12, NULL, 'file_type', '媒体', 'media', 2, 'entfrm', '2020-03-20 22:48:48', 'entfrm', '2020-03-28 16:28:32', NULL, '0');
INSERT INTO `sys_dict_data` VALUES (13, NULL, 'file_type', '文档', 'file', 3, 'entfrm', '2020-03-20 22:49:03', NULL, '2020-03-28 16:28:21', NULL, '0');
INSERT INTO `sys_dict_data` VALUES (14, NULL, 'datasource_type', 'Mysql', 'com.mysql.cj.jdbc.Driver', 1, 'entfrm', '2020-03-21 11:33:59', 'entfrm', '2020-03-21 11:33:59', NULL, '0');
INSERT INTO `sys_dict_data` VALUES (15, NULL, 'datasource_type', 'Sqlserver', 'com.microsoft.sqlserver.jdbc.SQLServerDriver', 2, 'entfrm', '2020-03-21 11:34:59', 'entfrm', '2020-03-21 11:34:58', NULL, '0');
INSERT INTO `sys_dict_data` VALUES (16, NULL, 'datasource_type', 'Postgresql', 'org.postgresql.Driver', 3, 'entfrm', '2020-03-21 11:36:16', NULL, '2020-03-21 11:36:15', NULL, '0');
INSERT INTO `sys_dict_data` VALUES (17, NULL, 'job_type', 'Java类', '1', 1, 'entfrm', '2020-03-21 21:22:35', NULL, '2020-03-21 21:22:35', NULL, '0');
INSERT INTO `sys_dict_data` VALUES (18, NULL, 'job_type', 'Spring bean名称', '2', 2, 'entfrm', '2020-03-21 21:22:50', NULL, '2020-03-21 21:22:50', NULL, '0');
INSERT INTO `sys_dict_data` VALUES (19, NULL, 'job_type', 'Rest调用', '3', 3, 'entfrm', '2020-03-21 21:23:06', NULL, '2020-03-21 21:23:05', NULL, '0');
INSERT INTO `sys_dict_data` VALUES (20, NULL, 'job_type', 'Jar调用', '4', 4, 'entfrm', '2020-03-21 21:23:19', NULL, '2020-03-21 21:23:18', NULL, '0');
INSERT INTO `sys_dict_data` VALUES (21, NULL, 'job_type', '其他', '5', 0, 'entfrm', '2020-03-21 21:23:24', NULL, '2020-03-21 21:23:24', NULL, '0');
INSERT INTO `sys_dict_data` VALUES (22, NULL, 'login_type', '登录', '0', 1, 'entfrm', '2020-03-22 09:56:41', NULL, '2020-03-22 09:56:40', NULL, '0');
INSERT INTO `sys_dict_data` VALUES (23, NULL, 'login_type', '退出', '1', 2, 'entfrm', '2020-03-22 09:56:51', NULL, '2020-03-22 09:56:51', NULL, '0');
INSERT INTO `sys_dict_data` VALUES (24, NULL, 'shortcut_type', '顶部', '1', 1, 'entfrm', '2020-03-27 09:48:24', NULL, '2020-03-27 09:48:23', NULL, '0');
INSERT INTO `sys_dict_data` VALUES (25, NULL, 'shortcut_type', '首页', '2', 2, 'entfrm', '2020-03-27 09:48:38', NULL, '2020-03-27 09:48:38', NULL, '0');
INSERT INTO `sys_dict_data` VALUES (26, NULL, 'model_category', '办公流程', 'office', 1, 'entfrm', '2020-04-04 22:10:14', NULL, '2020-04-04 22:10:13', NULL, '0');
INSERT INTO `sys_dict_data` VALUES (27, NULL, 'model_category', '项目流程', 'project', 2, 'entfrm', '2020-04-04 22:10:27', NULL, '2020-04-04 22:10:26', NULL, '0');
INSERT INTO `sys_dict_data` VALUES (28, NULL, 'leave_type', '事假', '1', 1, 'entfrm', '2020-04-05 10:08:52', NULL, '2020-04-05 10:08:52', NULL, '0');
INSERT INTO `sys_dict_data` VALUES (29, NULL, 'leave_type', '病假', '2', 2, 'entfrm', '2020-04-05 10:09:05', NULL, '2020-04-05 10:09:05', NULL, '0');
INSERT INTO `sys_dict_data` VALUES (30, NULL, 'leave_type', '产假', '3', 3, 'entfrm', '2020-04-05 10:09:37', 'entfrm', '2020-04-05 10:09:37', NULL, '0');

-- ----------------------------
-- Table structure for sys_file_info
-- ----------------------------
DROP TABLE IF EXISTS `sys_file_info`;
CREATE TABLE `sys_file_info`  (
  `id` int(11) NOT NULL AUTO_INCREMENT COMMENT '编号',
  `name` varchar(120) CHARACTER SET utf8 COLLATE utf8_general_ci NULL DEFAULT NULL COMMENT '文件名称',
  `type` varchar(10) CHARACTER SET utf8 COLLATE utf8_general_ci NULL DEFAULT NULL COMMENT '文件类型',
  `format` varchar(30) CHARACTER SET utf8 COLLATE utf8_general_ci NULL DEFAULT NULL COMMENT '文件格式',
  `size` varchar(30) CHARACTER SET utf8 COLLATE utf8_general_ci NULL DEFAULT NULL COMMENT '文件大小',
  `path` varchar(255) CHARACTER SET utf8 COLLATE utf8_general_ci NULL DEFAULT NULL COMMENT '文件保存路径',
  `thumbnail` varchar(255) CHARACTER SET utf8 COLLATE utf8_general_ci NULL DEFAULT NULL COMMENT '缩略图',
  `dept_id` int(11) NULL DEFAULT NULL COMMENT '机构编号',
  `status` char(1) CHARACTER SET utf8 COLLATE utf8_general_ci NULL DEFAULT '0' COMMENT '状态',
  `create_by` varchar(64) CHARACTER SET utf8 COLLATE utf8_general_ci NULL DEFAULT '' COMMENT '创建者',
  `create_time` datetime(0) NULL DEFAULT NULL COMMENT '创建时间',
  `remarks` varchar(255) CHARACTER SET utf8 COLLATE utf8_general_ci NULL DEFAULT '' COMMENT '备注',
  `del_flag` char(1) CHARACTER SET utf8mb4 COLLATE utf8mb4_general_ci NULL DEFAULT '0' COMMENT '删除标志（0代表存在 1代表删除）',
  PRIMARY KEY (`id`) USING BTREE
) ENGINE = InnoDB AUTO_INCREMENT = 8 CHARACTER SET = utf8 COLLATE = utf8_general_ci ROW_FORMAT = Dynamic;

-- ----------------------------
-- Records of sys_file_info
-- ----------------------------
INSERT INTO `sys_file_info` VALUES (1, '用户数据导入', 'file', 'xlsx', '9.25KB', 'http://localhost:8888/profile/upload/file/file1585383894358.xlsx', NULL, 1, '0', 'entfrm', '2020-03-28 16:24:54', '', '0');
INSERT INTO `sys_file_info` VALUES (2, '微信农信小程序使用手册', 'file', 'docx', '465.83KB', 'http://localhost:8888/profile/upload/file/file1585383894361.docx', NULL, 1, '0', 'entfrm', '2020-03-28 16:24:54', '', '0');
INSERT INTO `sys_file_info` VALUES (3, '信息发布系统优化', 'file', 'txt', '652.00B', 'http://localhost:8888/profile/upload/file/file1585383946469.txt', NULL, 1, '0', 'entfrm', '2020-03-28 16:25:46', '', '0');
INSERT INTO `sys_file_info` VALUES (4, '微信截图_20200222133910', 'image', 'png', '28.59KB', 'http://localhost:8888/profile/upload/image/image1585383946473.png', NULL, 1, '0', 'entfrm', '2020-03-28 16:25:46', '', '0');
INSERT INTO `sys_file_info` VALUES (5, '微信截图_20200222112300', 'image', 'png', '24.94KB', 'http://localhost:8888/profile/upload/image/image1585383946477.png', NULL, 1, '0', 'entfrm', '2020-03-28 16:25:46', '', '0');
INSERT INTO `sys_file_info` VALUES (6, '中科软发票拒收证明', 'image', 'jpg', '45.86KB', 'http://localhost:8888/profile/upload/image/image1585737741941.jpg', NULL, 1, '0', 'entfrm', '2020-04-01 18:42:22', '', '0');
INSERT INTO `sys_file_info` VALUES (7, 'mips_home.fda657d2', 'image', 'png', '73.18KB', 'http://localhost:8888/profile/upload/image/image1585743439058.png', NULL, 1, '0', 'entfrm', '2020-04-01 20:17:19', '', '0');

-- ----------------------------
-- Table structure for sys_job
-- ----------------------------
DROP TABLE IF EXISTS `sys_job`;
CREATE TABLE `sys_job`  (
  `id` int(11) NOT NULL AUTO_INCREMENT COMMENT '任务id',
  `job_name` varchar(64) CHARACTER SET utf8mb4 COLLATE utf8mb4_general_ci NOT NULL COMMENT '任务名称',
  `job_group` varchar(64) CHARACTER SET utf8mb4 COLLATE utf8mb4_general_ci NOT NULL COMMENT '任务组名',
  `job_order` char(1) CHARACTER SET utf8mb4 COLLATE utf8mb4_general_ci NULL DEFAULT NULL COMMENT '组内执行顺利，值越大执行优先级越高，最大值9，最小值1',
  `job_type` char(1) CHARACTER SET utf8mb4 COLLATE utf8mb4_general_ci NOT NULL DEFAULT '1' COMMENT '1、java类;2、spring bean名称;3、rest调用;4、jar调用;9其他',
  `execute_path` varchar(500) CHARACTER SET utf8mb4 COLLATE utf8mb4_general_ci NULL DEFAULT NULL COMMENT 'job_type=3时，rest调用地址，仅支持rest get协议,需要增加String返回值，0成功，1失败;job_type=4时，jar路径;其它值为空',
  `params_value` varchar(2000) CHARACTER SET utf8mb4 COLLATE utf8mb4_general_ci NULL DEFAULT NULL COMMENT '参数值',
  `cron_expression` varchar(255) CHARACTER SET utf8mb4 COLLATE utf8mb4_general_ci NULL DEFAULT NULL COMMENT 'cron执行表达式',
  `misfire_policy` varchar(20) CHARACTER SET utf8mb4 COLLATE utf8mb4_general_ci NULL DEFAULT '3' COMMENT '错误策略（1立即执行 2执行一次 3放弃执行）',
  `job_tenant_type` char(1) CHARACTER SET utf8mb4 COLLATE utf8mb4_general_ci NULL DEFAULT '1' COMMENT '1、多租户任务;2、非多租户任务',
  `job_status` char(1) CHARACTER SET utf8mb4 COLLATE utf8mb4_general_ci NULL DEFAULT '0' COMMENT '状态（1、未发布;2、运行中;3、暂停;4、删除;）',
  `job_execute_status` char(1) CHARACTER SET utf8mb4 COLLATE utf8mb4_general_ci NULL DEFAULT '0' COMMENT '状态（0正常 1异常）',
  `start_time` datetime(0) NULL DEFAULT NULL COMMENT '初次执行时间',
  `previous_time` datetime(0) NULL DEFAULT NULL COMMENT '上次执行时间',
  `next_time` datetime(0) NULL DEFAULT NULL COMMENT '下次执行时间',
  `create_by` varchar(64) CHARACTER SET utf8mb4 COLLATE utf8mb4_general_ci NULL DEFAULT NULL COMMENT '创建者',
  `create_time` datetime(0) NOT NULL DEFAULT CURRENT_TIMESTAMP(0) COMMENT '创建时间',
  `update_by` varchar(64) CHARACTER SET utf8mb4 COLLATE utf8mb4_general_ci NULL DEFAULT '' COMMENT '更新者',
  `update_time` datetime(0) NOT NULL DEFAULT CURRENT_TIMESTAMP(0) COMMENT '更新时间',
  `remarks` varchar(500) CHARACTER SET utf8mb4 COLLATE utf8mb4_general_ci NULL DEFAULT '' COMMENT '备注信息',
  `del_flag` char(1) CHARACTER SET utf8mb4 COLLATE utf8mb4_general_ci NULL DEFAULT '0' COMMENT '删除标志（0代表存在 1代表删除）',
  PRIMARY KEY (`id`) USING BTREE
) ENGINE = InnoDB AUTO_INCREMENT = 6 CHARACTER SET = utf8mb4 COLLATE = utf8mb4_general_ci COMMENT = '定时任务调度表' ROW_FORMAT = Dynamic;

-- ----------------------------
-- Records of sys_job
-- ----------------------------
INSERT INTO `sys_job` VALUES (4, '测试任务', 'demo', NULL, '2', 'demo.demoMethod', '1', '0/5 * * * * ? ', '3', '1', '1', '0', NULL, NULL, NULL, 'entfrm', '2020-03-26 16:16:50', '', '2020-03-26 16:16:49', '', '1');
INSERT INTO `sys_job` VALUES (5, '测试任务', 'demo', NULL, '2', 'demo.demoMethod', '1', '0/5 * * * * ? ', '3', '1', '1', '0', NULL, NULL, NULL, 'entfrm', '2020-03-26 16:19:14', '', '2020-03-26 16:19:13', '', '0');

-- ----------------------------
-- Table structure for sys_job_log
-- ----------------------------
DROP TABLE IF EXISTS `sys_job_log`;
CREATE TABLE `sys_job_log`  (
  `id` int(11) NOT NULL AUTO_INCREMENT COMMENT '任务日志ID',
  `job_id` int(11) NOT NULL COMMENT '任务id',
  `job_name` varchar(64) CHARACTER SET utf8 COLLATE utf8_general_ci NULL DEFAULT NULL COMMENT '任务名称',
  `job_group` varchar(64) CHARACTER SET utf8 COLLATE utf8_general_ci NULL DEFAULT NULL COMMENT '任务组名',
  `job_order` char(1) CHARACTER SET utf8 COLLATE utf8_general_ci NULL DEFAULT NULL COMMENT '组内执行顺利，值越大执行优先级越高，最大值9，最小值1',
  `job_type` char(1) CHARACTER SET utf8 COLLATE utf8_general_ci NOT NULL DEFAULT '1' COMMENT '1、java类;2、spring bean名称;3、rest调用;4、jar调用;9其他',
  `execute_path` varchar(500) CHARACTER SET utf8 COLLATE utf8_general_ci NULL DEFAULT NULL COMMENT 'job_type=3时，rest调用地址，仅支持post协议;job_type=4时，jar路径;其它值为空',
  `params_value` varchar(2000) CHARACTER SET utf8 COLLATE utf8_general_ci NULL DEFAULT NULL COMMENT '参数值',
  `cron_expression` varchar(255) CHARACTER SET utf8 COLLATE utf8_general_ci NULL DEFAULT NULL COMMENT 'cron执行表达式',
  `job_message` varchar(500) CHARACTER SET utf8 COLLATE utf8_general_ci NULL DEFAULT NULL COMMENT '日志信息',
  `job_log_status` char(1) CHARACTER SET utf8 COLLATE utf8_general_ci NULL DEFAULT '0' COMMENT '执行状态（0正常 1失败）',
  `execute_time` varchar(30) CHARACTER SET utf8 COLLATE utf8_general_ci NULL DEFAULT NULL COMMENT '执行时间',
  `exception_info` varchar(2000) CHARACTER SET utf8 COLLATE utf8_general_ci NULL DEFAULT '' COMMENT '异常信息',
  `create_time` datetime(0) NOT NULL DEFAULT CURRENT_TIMESTAMP(0) COMMENT '创建时间',
  PRIMARY KEY (`id`) USING BTREE
) ENGINE = InnoDB AUTO_INCREMENT = 2 CHARACTER SET = utf8 COLLATE = utf8_general_ci COMMENT = '定时任务执行日志表' ROW_FORMAT = Dynamic;

-- ----------------------------
-- Records of sys_job_log
-- ----------------------------
INSERT INTO `sys_job_log` VALUES (1, 1, '测试任务', 'demo', '5', '2', 'demo.demoMethod', '1', '0 * * * * ? *', '执行成功', '0', '7', '', '2020-03-26 15:01:00');

-- ----------------------------
-- Table structure for sys_login_log
-- ----------------------------
DROP TABLE IF EXISTS `sys_login_log`;
CREATE TABLE `sys_login_log`  (
  `id` int(11) NOT NULL AUTO_INCREMENT COMMENT '访问ID',
  `login_name` varchar(50) CHARACTER SET utf8mb4 COLLATE utf8mb4_general_ci NULL DEFAULT '' COMMENT '登录账号',
  `login_type` char(1) CHARACTER SET utf8 COLLATE utf8_general_ci NULL DEFAULT '0' COMMENT '登录类型',
  `login_ip` varchar(50) CHARACTER SET utf8mb4 COLLATE utf8mb4_general_ci NULL DEFAULT '' COMMENT '登录IP地址',
  `login_addr` varchar(255) CHARACTER SET utf8mb4 COLLATE utf8mb4_general_ci NULL DEFAULT '' COMMENT '登录地点',
  `user_agent` text CHARACTER SET utf8mb4 COLLATE utf8mb4_general_ci NULL COMMENT '用户代理',
  `status` char(1) CHARACTER SET utf8mb4 COLLATE utf8mb4_general_ci NULL DEFAULT '0' COMMENT '登录状态（0成功 1失败）',
  `msg` varchar(255) CHARACTER SET utf8mb4 COLLATE utf8mb4_general_ci NULL DEFAULT '' COMMENT '提示消息',
  `login_time` datetime(0) NULL DEFAULT NULL COMMENT '访问时间',
  PRIMARY KEY (`id`) USING BTREE
) ENGINE = InnoDB AUTO_INCREMENT = 147 CHARACTER SET = utf8 COLLATE = utf8_general_ci ROW_FORMAT = Dynamic;

-- ----------------------------
-- Table structure for sys_menu
-- ----------------------------
DROP TABLE IF EXISTS `sys_menu`;
CREATE TABLE `sys_menu`  (
  `id` int(11) NOT NULL AUTO_INCREMENT,
  `name` varchar(30) CHARACTER SET utf8 COLLATE utf8_general_ci NOT NULL COMMENT '菜单名称',
  `parent_id` int(11) NULL DEFAULT NULL COMMENT '父菜单ID',
  `parent_ids` varchar(255) CHARACTER SET utf8 COLLATE utf8_general_ci NULL DEFAULT NULL COMMENT '父菜单IDS',
  `type` char(1) CHARACTER SET utf8 COLLATE utf8_general_ci NULL DEFAULT NULL COMMENT '菜单类型 ',
  `path` varchar(128) CHARACTER SET utf8 COLLATE utf8_general_ci NULL DEFAULT NULL COMMENT '前端URL',
  `component` varchar(64) CHARACTER SET utf8 COLLATE utf8_general_ci NULL DEFAULT '#' COMMENT 'VUE页面',
  `perms` varchar(60) CHARACTER SET utf8 COLLATE utf8_general_ci NULL DEFAULT NULL COMMENT '菜单权限标识',
  `icon` varchar(60) CHARACTER SET utf8 COLLATE utf8_general_ci NULL DEFAULT NULL COMMENT '图标',
  `sort` int(11) NULL DEFAULT 1 COMMENT '排序值',
  `status` char(1) CHARACTER SET utf8 COLLATE utf8_general_ci NULL DEFAULT '0' COMMENT '菜单状态（0显示 1隐藏）',
  `create_by` varchar(30) CHARACTER SET utf8 COLLATE utf8_general_ci NULL DEFAULT NULL COMMENT '创建人',
  `create_time` datetime(0) NULL DEFAULT CURRENT_TIMESTAMP(0) COMMENT '创建时间',
  `update_by` varchar(30) CHARACTER SET utf8 COLLATE utf8_general_ci NULL DEFAULT NULL COMMENT '修改人',
  `update_time` datetime(0) NULL DEFAULT NULL ON UPDATE CURRENT_TIMESTAMP(0) COMMENT '修改时间',
  `remarks` varchar(255) CHARACTER SET utf8mb4 COLLATE utf8mb4_bin NULL DEFAULT NULL COMMENT '备注',
  `del_flag` char(1) CHARACTER SET utf8mb4 COLLATE utf8mb4_bin NULL DEFAULT '0' COMMENT '删除标识（0-正常,1-删除）',
  PRIMARY KEY (`id`) USING BTREE
) ENGINE = InnoDB AUTO_INCREMENT = 138 CHARACTER SET = utf8mb4 COLLATE = utf8mb4_general_ci ROW_FORMAT = Dynamic;

-- ----------------------------
-- Records of sys_menu
-- ----------------------------
INSERT INTO `sys_menu` VALUES (1, '系统管理', 0, NULL, 'M', 'system', '#', '', 'system', 10, '0', 'admin', '2019-03-16 11:33:00', 'admin', '2020-03-16 20:45:21', '系统管理模块', '0');
INSERT INTO `sys_menu` VALUES (2, '运维监控', 0, NULL, 'M', 'monitor', '#', '', 'monitor', 20, '0', 'admin', '2019-03-16 11:33:00', 'admin', '2020-03-17 19:14:27', '运维监控模块', '0');
INSERT INTO `sys_menu` VALUES (3, '开发工具', 0, NULL, 'M', 'devtool', '#', '', 'tool', 30, '0', 'admin', '2019-03-16 11:33:00', 'admin', '2020-03-17 19:14:33', '开发工具模块', '0');
INSERT INTO `sys_menu` VALUES (4, '机构管理', 1, NULL, 'C', 'dept', 'system/dept/index', '', 'tree', 1, '0', NULL, '2020-03-13 19:31:20', NULL, '2020-03-14 20:55:41', NULL, '0');
INSERT INTO `sys_menu` VALUES (5, '角色管理', 1, NULL, 'C', 'role', 'system/role/index', '', 'peoples', 2, '0', NULL, '2020-03-13 19:32:09', NULL, '2020-03-16 22:11:57', NULL, '0');
INSERT INTO `sys_menu` VALUES (6, '用户管理', 1, NULL, 'C', 'user', 'system/user/index', '', 'user', 3, '0', NULL, '2020-03-13 19:32:30', NULL, '2020-03-16 22:11:59', NULL, '0');
INSERT INTO `sys_menu` VALUES (7, '菜单管理', 1, NULL, 'C', 'menu', 'system/menu/index', '', 'tree-table', 4, '0', NULL, '2020-03-13 19:33:24', NULL, '2020-03-16 22:12:01', NULL, '0');
INSERT INTO `sys_menu` VALUES (8, '机构新增', 4, NULL, 'F', NULL, '#', 'dept_add', NULL, 1, '0', NULL, '2020-03-12 20:42:47', NULL, '2020-03-16 20:42:51', NULL, '0');
INSERT INTO `sys_menu` VALUES (9, '机构修改', 4, NULL, 'F', NULL, '#', 'dept_edit', NULL, 2, '0', NULL, '2020-03-12 20:42:52', NULL, '2020-03-16 20:42:56', NULL, '0');
INSERT INTO `sys_menu` VALUES (10, '机构删除', 4, NULL, 'F', NULL, '#', 'dept_del', NULL, 3, '0', NULL, '2020-03-12 20:42:57', NULL, '2020-03-16 20:43:02', NULL, '0');
INSERT INTO `sys_menu` VALUES (11, '机构查看', 4, NULL, 'F', NULL, '#', 'dept_view', NULL, 4, '0', NULL, '2020-03-12 20:43:03', NULL, '2020-03-16 20:43:06', NULL, '0');
INSERT INTO `sys_menu` VALUES (12, '机构导入', 4, NULL, 'F', NULL, '#', 'dept_import', NULL, 5, '0', 'entfrm', '2020-03-16 20:40:08', 'entfrm', '2020-03-16 20:42:10', NULL, '0');
INSERT INTO `sys_menu` VALUES (13, '角色新增', 5, NULL, 'F', NULL, '#', 'role_add', NULL, 1, '0', 'entfrm', '2020-03-16 11:50:24', NULL, '2020-03-16 20:41:51', NULL, '0');
INSERT INTO `sys_menu` VALUES (14, '角色修改', 5, NULL, 'F', NULL, '#', 'role_edit', NULL, 2, '0', 'entfrm', '2020-03-16 11:51:05', NULL, '2020-03-16 20:41:44', NULL, '0');
INSERT INTO `sys_menu` VALUES (15, '角色删除', 5, NULL, 'F', NULL, '#', 'role_del', NULL, 3, '0', 'entfrm', '2020-03-16 11:51:21', NULL, '2020-03-16 20:41:41', NULL, '0');
INSERT INTO `sys_menu` VALUES (16, '角色查看', 5, NULL, 'F', NULL, '#', 'role_view', NULL, 4, '0', 'entfrm', '2020-03-16 11:51:40', NULL, '2020-03-16 20:41:37', NULL, '0');
INSERT INTO `sys_menu` VALUES (17, '数据权限', 5, NULL, 'F', NULL, '#', 'role_data', NULL, 5, '0', 'entfrm', '2020-03-16 12:15:50', NULL, '2020-03-16 20:41:34', NULL, '0');
INSERT INTO `sys_menu` VALUES (18, '用户添加', 6, NULL, 'F', NULL, '#', 'user_add', NULL, 1, '0', 'entfrm', '2020-03-16 20:31:15', NULL, '2020-03-16 20:41:31', NULL, '0');
INSERT INTO `sys_menu` VALUES (19, '用户修改', 6, NULL, 'F', NULL, '#', 'user_edit', NULL, 2, '0', 'entfrm', '2020-03-16 20:32:19', 'entfrm', '2020-03-16 20:41:28', NULL, '0');
INSERT INTO `sys_menu` VALUES (20, '用户删除', 6, NULL, 'F', NULL, '#', 'user_del', NULL, 3, '0', 'entfrm', '2020-03-16 20:32:41', NULL, '2020-03-16 20:41:25', NULL, '0');
INSERT INTO `sys_menu` VALUES (21, '用户查看', 6, NULL, 'F', NULL, '#', 'user_view', NULL, 4, '0', 'entfrm', '2020-03-16 20:33:11', NULL, '2020-03-16 20:41:20', NULL, '0');
INSERT INTO `sys_menu` VALUES (22, '重置密码', 6, NULL, 'F', NULL, '#', 'user_reset', NULL, 5, '0', 'entfrm', '2020-03-16 20:34:22', 'entfrm', '2020-03-16 20:41:17', NULL, '0');
INSERT INTO `sys_menu` VALUES (23, '用户导入', 6, NULL, 'F', NULL, '#', 'user_import', NULL, 6, '0', 'entfrm', '2020-03-16 20:34:49', NULL, '2020-03-16 20:41:14', NULL, '0');
INSERT INTO `sys_menu` VALUES (24, '用户导出', 6, NULL, 'F', NULL, '#', 'user_export', NULL, 7, '0', 'entfrm', '2020-03-16 20:35:12', NULL, '2020-03-16 20:41:12', NULL, '0');
INSERT INTO `sys_menu` VALUES (25, '菜单新增', 7, NULL, 'F', NULL, '#', 'menu_add', NULL, 1, '0', 'entfrm', '2020-03-16 20:38:18', NULL, '2020-03-16 20:41:10', NULL, '0');
INSERT INTO `sys_menu` VALUES (26, '菜单修改', 7, NULL, 'F', NULL, '#', 'menu_edit', NULL, 2, '0', 'entfrm', '2020-03-16 20:38:41', 'entfrm', '2020-03-16 20:41:07', NULL, '0');
INSERT INTO `sys_menu` VALUES (27, '菜单删除', 7, NULL, 'F', NULL, '#', 'menu_del', NULL, 3, '0', 'entfrm', '2020-03-16 20:39:04', NULL, '2020-03-16 20:41:04', NULL, '0');
INSERT INTO `sys_menu` VALUES (28, '菜单查看', 7, NULL, 'F', NULL, '#', 'menu_view', NULL, 4, '0', 'entfrm', '2020-03-16 20:39:39', NULL, '2020-03-16 20:41:01', NULL, '0');
INSERT INTO `sys_menu` VALUES (29, '字典管理', 1, '6', 'C', 'dict', 'system/dict/index', '', 'dict', 5, '0', 'entfrm', '2020-03-16 11:33:00', '', '2020-03-16 11:33:00', '字典管理菜单', '0');
INSERT INTO `sys_menu` VALUES (30, '字典新增', 29, NULL, 'F', NULL, '#', 'dict_add', NULL, 1, '0', 'entfrm', '2020-03-16 20:50:45', NULL, NULL, NULL, '0');
INSERT INTO `sys_menu` VALUES (31, '字典修改', 29, NULL, 'F', NULL, '#', 'dict_edit', NULL, 2, '0', 'entfrm', '2020-03-16 20:51:01', NULL, NULL, NULL, '0');
INSERT INTO `sys_menu` VALUES (32, '字典删除', 29, NULL, 'F', NULL, '#', 'dict_del', NULL, 3, '0', 'entfrm', '2020-03-16 20:52:18', NULL, NULL, NULL, '0');
INSERT INTO `sys_menu` VALUES (33, '字典查看', 29, NULL, 'F', NULL, '#', 'dict_view', NULL, 4, '0', 'entfrm', '2020-03-16 20:52:38', NULL, NULL, NULL, '0');
INSERT INTO `sys_menu` VALUES (34, '数据增加', 29, NULL, 'F', NULL, '#', 'dictData_add', NULL, 5, '0', 'entfrm', '2020-03-16 21:49:18', NULL, NULL, NULL, '0');
INSERT INTO `sys_menu` VALUES (35, '数据修改', 29, NULL, 'F', NULL, '#', 'dictData_edit', NULL, 6, '0', 'entfrm', '2020-03-16 21:49:36', NULL, NULL, NULL, '0');
INSERT INTO `sys_menu` VALUES (36, '数据删除', 29, NULL, 'F', NULL, '#', 'dictData_del', NULL, 7, '0', 'entfrm', '2020-03-16 21:50:00', NULL, NULL, NULL, '0');
INSERT INTO `sys_menu` VALUES (37, '数据查看', 29, NULL, 'F', NULL, '#', 'dictData_view', NULL, 8, '0', 'entfrm', '2020-03-16 21:50:19', NULL, NULL, NULL, '0');
INSERT INTO `sys_menu` VALUES (38, '参数管理', 1, NULL, 'C', 'config', 'system/config/index', NULL, 'list', 6, '0', 'entfrm', '2020-03-16 22:06:52', NULL, '2020-03-16 22:11:13', NULL, '0');
INSERT INTO `sys_menu` VALUES (39, '参数新增', 38, NULL, 'F', NULL, '#', 'config_add', NULL, 1, '0', 'entfrm', '2020-03-16 22:07:16', NULL, NULL, NULL, '0');
INSERT INTO `sys_menu` VALUES (40, '参数修改', 38, NULL, 'F', NULL, '#', 'config_edit', NULL, 2, '0', 'entfrm', '2020-03-16 22:07:30', NULL, NULL, NULL, '0');
INSERT INTO `sys_menu` VALUES (41, '参数删除', 38, NULL, 'F', NULL, '#', 'config_del', NULL, 3, '0', 'entfrm', '2020-03-16 22:07:43', NULL, NULL, NULL, '0');
INSERT INTO `sys_menu` VALUES (42, '参数查看', 38, NULL, 'F', NULL, '#', 'config_view', NULL, 4, '0', 'entfrm', '2020-03-16 22:08:06', NULL, NULL, NULL, '0');
INSERT INTO `sys_menu` VALUES (43, '快捷方式', 1, NULL, 'C', 'shortcut', 'system/shortcut/index', NULL, 'link', 7, '0', 'entfrm', '2020-03-17 17:53:08', NULL, NULL, NULL, '0');
INSERT INTO `sys_menu` VALUES (44, '文件管理', 1, NULL, 'C', 'fileInfo', 'system/fileInfo/index', NULL, 'zip', 8, '0', 'entfrm', '2020-03-17 17:56:28', 'entfrm', '2020-03-20 22:33:35', NULL, '0');
INSERT INTO `sys_menu` VALUES (45, '终端管理', 1, NULL, 'C', 'clientDetails', 'system/clientDetails/index', NULL, 'phone', 9, '0', 'entfrm', '2020-03-17 17:57:46', NULL, NULL, NULL, '0');
INSERT INTO `sys_menu` VALUES (46, '数据备份', 1, NULL, 'C', 'backup', 'system/backup/index', NULL, 'date-range', 11, '0', 'entfrm', '2020-03-17 18:02:21', NULL, '2020-03-18 22:20:28', NULL, '0');
INSERT INTO `sys_menu` VALUES (47, '令牌管理', 2, NULL, 'C', 'token', 'monitor/token/index', NULL, 'post', 1, '1', 'entfrm', '2020-03-17 17:59:55', 'entfrm', '2020-03-20 22:56:34', NULL, '0');
INSERT INTO `sys_menu` VALUES (48, '定时任务', 2, NULL, 'C', 'job', 'monitor/job/index', NULL, 'time-range', 2, '0', 'entfrm', '2020-03-17 18:08:23', NULL, '2020-03-18 22:20:23', NULL, '0');
INSERT INTO `sys_menu` VALUES (49, '数据监控', 2, NULL, 'C', 'druid', 'monitor/druid/index', NULL, 'druid', 3, '0', 'entfrm', '2020-03-17 18:08:56', NULL, '2020-03-20 18:53:07', NULL, '0');
INSERT INTO `sys_menu` VALUES (50, '服务监控', 2, NULL, 'C', 'server', 'monitor/server/index', NULL, 'server', 4, '0', 'entfrm', '2020-03-17 18:09:39', 'entfrm', '2020-03-20 19:23:24', NULL, '0');
INSERT INTO `sys_menu` VALUES (51, 'API监控', 2, NULL, 'C', 'apiStat', 'monitor/apiStat/index', 'apiStat_view', 'chart', 5, '0', 'entfrm', '2020-03-17 18:15:13', 'entfrm', '2020-03-20 22:57:03', NULL, '0');
INSERT INTO `sys_menu` VALUES (52, '日志监控', 2, NULL, 'M', 'log', '#', NULL, 'monitor', 6, '0', 'entfrm', '2020-03-17 18:12:01', NULL, '2020-03-18 23:00:39', NULL, '0');
INSERT INTO `sys_menu` VALUES (53, '登录日志', 52, NULL, 'C', 'loginLog', 'monitor/loginLog/index', NULL, 'logininfor', 1, '0', 'entfrm', '2020-03-17 18:12:56', NULL, '2020-03-18 22:31:53', NULL, '0');
INSERT INTO `sys_menu` VALUES (54, '操作日志', 52, NULL, 'C', 'operLog', 'monitor/operLog/index', NULL, 'log', 2, '0', 'entfrm', '2020-03-17 18:13:52', 'entfrm', '2020-03-18 22:31:36', NULL, '0');
INSERT INTO `sys_menu` VALUES (55, '数据管理', 3, NULL, 'M', 'data', '#', NULL, 'star', 1, '0', 'entfrm', '2020-03-17 18:18:38', 'entfrm', '2020-03-21 11:09:59', NULL, '0');
INSERT INTO `sys_menu` VALUES (56, 'API管理', 3, NULL, 'M', 'api', '#', NULL, 'drag', 2, '0', 'entfrm', '2020-03-17 18:19:52', 'entfrm', '2020-03-17 18:23:35', NULL, '0');
INSERT INTO `sys_menu` VALUES (57, '智能表单', 3, NULL, 'M', 'form', '#', NULL, 'form', 3, '0', 'entfrm', '2020-03-17 18:21:32', 'entfrm', '2020-03-24 17:57:17', NULL, '0');
INSERT INTO `sys_menu` VALUES (58, '工作流', 0, NULL, 'M', 'activiti', '#', NULL, 'skill', 40, '0', 'entfrm', '2020-03-17 18:22:36', 'entfrm', '2020-03-20 23:09:48', NULL, '0');
INSERT INTO `sys_menu` VALUES (59, '终端新增', 45, NULL, 'F', NULL, '#', 'clientDetails_add', NULL, 1, '0', 'entfrm', '2020-03-18 15:18:36', NULL, NULL, NULL, '0');
INSERT INTO `sys_menu` VALUES (60, '终端修改', 45, NULL, 'F', NULL, '#', 'clientDetails_edit', NULL, 2, '0', 'entfrm', '2020-03-18 15:18:53', NULL, NULL, NULL, '0');
INSERT INTO `sys_menu` VALUES (61, '终端删除', 45, NULL, 'F', NULL, '#', 'clientDetails_del', NULL, 3, '0', 'entfrm', '2020-03-18 15:19:06', NULL, NULL, NULL, '0');
INSERT INTO `sys_menu` VALUES (62, '终端查看', 45, NULL, 'F', NULL, '#', 'clientDetails_view', NULL, 4, '0', 'entfrm', '2020-03-18 15:19:29', NULL, NULL, NULL, '0');
INSERT INTO `sys_menu` VALUES (63, '登录日志删除', 53, NULL, 'F', NULL, '#', 'loginLog_del', NULL, 1, '0', 'entfrm', '2020-03-19 11:50:34', NULL, NULL, NULL, '0');
INSERT INTO `sys_menu` VALUES (64, '登录日志查看', 53, NULL, 'F', NULL, '#', 'loginLog_view', NULL, 2, '0', 'entfrm', '2020-03-19 11:50:59', NULL, NULL, NULL, '0');
INSERT INTO `sys_menu` VALUES (65, '登录日志导出', 53, NULL, 'F', NULL, '#', 'loginLog_export', NULL, 3, '0', 'entfrm', '2020-03-19 11:52:05', NULL, NULL, NULL, '0');
INSERT INTO `sys_menu` VALUES (66, '操作日志删除', 54, NULL, 'F', NULL, '#', 'operLog_del', NULL, 1, '0', 'entfrm', '2020-03-19 11:52:25', NULL, NULL, NULL, '0');
INSERT INTO `sys_menu` VALUES (67, '操作日志查看', 54, NULL, 'F', NULL, '#', 'operLog_view', NULL, 2, '0', 'entfrm', '2020-03-19 11:52:45', NULL, NULL, NULL, '0');
INSERT INTO `sys_menu` VALUES (68, '操作日志导出', 54, NULL, 'F', NULL, '#', 'operLog_export', NULL, 3, '0', 'entfrm', '2020-03-19 11:53:09', NULL, NULL, NULL, '0');
INSERT INTO `sys_menu` VALUES (69, '备份新增', 46, NULL, 'F', NULL, '#', 'backup_add', NULL, 1, '0', 'entfrm', '2020-03-20 21:59:58', NULL, NULL, NULL, '0');
INSERT INTO `sys_menu` VALUES (70, '备份还原', 46, NULL, 'F', NULL, '#', 'backup_restore', NULL, 2, '0', 'entfrm', '2020-03-20 22:00:23', NULL, NULL, NULL, '0');
INSERT INTO `sys_menu` VALUES (71, '备份删除', 46, NULL, 'F', NULL, '#', 'backup_del', NULL, 3, '0', 'entfrm', '2020-03-20 22:00:41', NULL, NULL, NULL, '0');
INSERT INTO `sys_menu` VALUES (72, '备份查看', 46, NULL, 'F', NULL, '#', 'backup_view', NULL, 4, '0', 'entfrm', '2020-03-20 22:44:05', NULL, '2020-03-20 22:44:39', NULL, '0');
INSERT INTO `sys_menu` VALUES (73, '文件上传', 44, NULL, 'F', NULL, '#', 'fileInfo_add', NULL, 1, '0', 'entfrm', '2020-03-20 22:41:42', NULL, '2020-03-20 22:44:35', NULL, '0');
INSERT INTO `sys_menu` VALUES (74, '文件启用', 44, NULL, 'F', NULL, '#', 'fileInfo_edit', NULL, 2, '0', 'entfrm', '2020-03-20 22:42:07', 'entfrm', '2020-03-20 22:44:32', NULL, '0');
INSERT INTO `sys_menu` VALUES (75, '文件删除', 44, NULL, 'F', NULL, '#', 'fileInfo_del', NULL, 3, '0', 'entfrm', '2020-03-20 22:42:30', NULL, '2020-03-20 22:44:29', NULL, '0');
INSERT INTO `sys_menu` VALUES (76, '文件查看', 44, NULL, 'F', NULL, '#', 'fileInfo_view', NULL, 4, '0', 'entfrm', '2020-03-20 22:43:06', NULL, '2020-03-20 22:44:26', NULL, '0');
INSERT INTO `sys_menu` VALUES (77, '文件分享', 44, NULL, 'F', NULL, '#', 'fileInfo_share', NULL, 5, '0', 'entfrm', '2020-03-20 22:43:37', 'entfrm', '2020-03-20 22:44:23', NULL, '0');
INSERT INTO `sys_menu` VALUES (78, '数据库管理', 55, NULL, 'C', 'datasource', 'devtool/datasource/index', NULL, 'druid', 1, '0', 'entfrm', '2020-03-21 11:05:47', NULL, NULL, NULL, '0');
INSERT INTO `sys_menu` VALUES (79, '数据表管理', 55, NULL, 'C', 'datatable', 'devtool/datatable/index', NULL, 'table', 2, '0', 'entfrm', '2020-03-21 11:07:23', 'entfrm', '2020-03-21 12:04:41', NULL, '0');
INSERT INTO `sys_menu` VALUES (80, '数据源管理', 55, NULL, 'C', 'dataset', 'devtool/dataset/index', NULL, 'row', 3, '0', 'entfrm', '2020-03-21 11:08:16', NULL, NULL, NULL, '0');
INSERT INTO `sys_menu` VALUES (81, '数据库新增', 78, NULL, 'F', NULL, '#', 'datasource_add', NULL, 1, '0', 'entfrm', '2020-03-21 11:27:26', NULL, NULL, NULL, '0');
INSERT INTO `sys_menu` VALUES (82, '数据库修改', 78, NULL, 'F', NULL, '#', 'datasource_edit', NULL, 2, '0', 'entfrm', '2020-03-21 11:27:46', NULL, NULL, NULL, '0');
INSERT INTO `sys_menu` VALUES (83, '数据库删除', 78, NULL, 'F', NULL, '#', 'datasource_del', NULL, 3, '0', 'entfrm', '2020-03-21 11:27:59', NULL, NULL, NULL, '0');
INSERT INTO `sys_menu` VALUES (84, '数据库查看', 78, NULL, 'F', NULL, '#', 'datasource_view', NULL, 4, '0', 'entfrm', '2020-03-21 11:28:11', NULL, NULL, NULL, '0');
INSERT INTO `sys_menu` VALUES (85, '模型管理', 58, NULL, 'C', 'model', 'activiti/model/index', NULL, 'edit', 1, '0', 'entfrm', '2020-03-24 12:48:54', NULL, NULL, NULL, '0');
INSERT INTO `sys_menu` VALUES (86, '模型新增', 85, NULL, 'F', NULL, '#', 'model_add', NULL, 1, '0', 'entfrm', '2020-03-24 12:52:47', NULL, NULL, NULL, '0');
INSERT INTO `sys_menu` VALUES (87, '模型删除', 85, NULL, 'F', NULL, '#', 'model_del', NULL, 2, '0', 'entfrm', '2020-03-24 12:53:43', NULL, NULL, NULL, '0');
INSERT INTO `sys_menu` VALUES (88, '模型查看', 85, NULL, 'F', NULL, '#', 'model_view', NULL, 3, '0', 'entfrm', '2020-03-24 12:53:56', NULL, NULL, NULL, '0');
INSERT INTO `sys_menu` VALUES (89, '模型部署', 85, NULL, 'F', NULL, '#', 'model_deploy', NULL, 5, '0', 'entfrm', '2020-03-24 12:54:19', 'entfrm', '2020-04-04 22:36:20', NULL, '0');
INSERT INTO `sys_menu` VALUES (90, '表新增', 79, NULL, 'F', NULL, '#', 'datatable_add', NULL, 1, '0', 'entfrm', '2020-03-25 14:59:45', 'entfrm', '2020-03-25 15:00:14', NULL, '0');
INSERT INTO `sys_menu` VALUES (91, '表修改', 79, NULL, 'F', NULL, '#', 'datatable_edit', NULL, 2, '0', 'entfrm', '2020-03-25 15:00:31', NULL, NULL, NULL, '0');
INSERT INTO `sys_menu` VALUES (92, '表删除', 79, NULL, 'F', NULL, '#', 'datatable_del', NULL, 3, '0', 'entfrm', '2020-03-25 15:00:49', NULL, NULL, NULL, '0');
INSERT INTO `sys_menu` VALUES (93, '表查看', 79, NULL, 'F', NULL, '#', 'datatable_view', NULL, 4, '0', 'entfrm', '2020-03-25 15:01:06', NULL, NULL, NULL, '0');
INSERT INTO `sys_menu` VALUES (94, '表配置', 79, NULL, 'F', NULL, '#', 'datatable_config', NULL, 5, '0', 'entfrm', '2020-03-25 15:02:39', NULL, NULL, NULL, '0');
INSERT INTO `sys_menu` VALUES (95, '代码生成', 79, NULL, 'F', NULL, '#', 'datatable_gen', NULL, 6, '0', 'entfrm', '2020-03-25 15:03:06', NULL, NULL, NULL, '0');
INSERT INTO `sys_menu` VALUES (96, '任务新增', 48, NULL, 'F', NULL, '#', 'job_add', NULL, 1, '0', 'entfrm', '2020-03-26 15:34:44', NULL, NULL, NULL, '0');
INSERT INTO `sys_menu` VALUES (97, '任务编辑', 48, NULL, 'F', NULL, '#', 'job_edit', NULL, 2, '0', 'entfrm', '2020-03-26 15:34:59', NULL, NULL, NULL, '0');
INSERT INTO `sys_menu` VALUES (98, '任务删除', 48, NULL, 'F', NULL, '#', 'job_del', NULL, 3, '0', 'entfrm', '2020-03-26 15:35:17', NULL, NULL, NULL, '0');
INSERT INTO `sys_menu` VALUES (99, '任务查看', 48, NULL, 'F', NULL, '#', 'job_view', NULL, 4, '0', 'entfrm', '2020-03-26 15:35:32', NULL, NULL, NULL, '0');
INSERT INTO `sys_menu` VALUES (100, '任务暂定', 48, NULL, 'F', NULL, '#', 'job_stop', NULL, 5, '0', 'entfrm', '2020-03-26 15:37:16', NULL, NULL, NULL, '0');
INSERT INTO `sys_menu` VALUES (101, '任务启动', 48, NULL, 'F', NULL, '#', 'job_start', NULL, 6, '0', 'entfrm', '2020-03-26 15:37:35', NULL, NULL, NULL, '0');
INSERT INTO `sys_menu` VALUES (102, '任务重置', 48, NULL, 'F', NULL, '#', 'job_refresh', NULL, 7, '0', 'entfrm', '2020-03-26 15:37:56', NULL, NULL, NULL, '0');
INSERT INTO `sys_menu` VALUES (103, '任务日志查看', 48, NULL, 'F', NULL, '#', 'jobLog_view', NULL, 8, '0', 'entfrm', '2020-03-26 15:38:19', 'entfrm', '2020-03-26 15:38:35', NULL, '0');
INSERT INTO `sys_menu` VALUES (104, '任务日志删除', 48, NULL, 'F', NULL, '#', 'jobLog_del', NULL, 9, '0', 'entfrm', '2020-03-26 15:38:51', NULL, NULL, NULL, '0');
INSERT INTO `sys_menu` VALUES (105, '快捷方式新增', 43, NULL, 'F', NULL, '#', 'shortcut_add', NULL, 1, '0', 'entfrm', '2020-03-27 09:44:13', NULL, NULL, NULL, '0');
INSERT INTO `sys_menu` VALUES (106, '快捷方式修改', 43, NULL, 'F', NULL, '#', 'shortcut_edit', NULL, 2, '0', 'entfrm', '2020-03-27 09:44:36', NULL, NULL, NULL, '0');
INSERT INTO `sys_menu` VALUES (107, '快捷方式删除', 43, NULL, 'F', NULL, '#', 'shortcut_del', NULL, 3, '0', 'entfrm', '2020-03-27 09:44:57', NULL, NULL, NULL, '0');
INSERT INTO `sys_menu` VALUES (108, '快捷方式查看', 43, NULL, 'F', NULL, '#', 'shortcut_view', NULL, 4, '0', 'entfrm', '2020-03-27 09:45:16', NULL, NULL, NULL, '0');
INSERT INTO `sys_menu` VALUES (109, '内容管理', 0, NULL, 'M', 'cms', '#', NULL, 'edit', 50, '0', 'entfrm', '2020-03-31 20:12:07', 'entfrm', '2020-04-04 22:31:04', NULL, '0');
INSERT INTO `sys_menu` VALUES (110, '类别管理', 109, NULL, 'C', 'category', 'cms/category/index', NULL, 'list', 1, '0', 'entfrm', '2020-03-31 20:12:46', NULL, NULL, NULL, '0');
INSERT INTO `sys_menu` VALUES (111, '列表新增', 110, NULL, 'F', NULL, '#', 'category_add', NULL, 1, '0', 'entfrm', '2020-03-31 20:13:03', NULL, NULL, NULL, '0');
INSERT INTO `sys_menu` VALUES (112, '类别修改', 110, NULL, 'F', NULL, '#', 'category_edit', NULL, 2, '0', 'entfrm', '2020-03-31 20:13:27', NULL, NULL, NULL, '0');
INSERT INTO `sys_menu` VALUES (113, '类别删除', 110, NULL, 'F', NULL, '#', 'category_del', NULL, 3, '0', 'entfrm', '2020-03-31 20:13:53', NULL, NULL, NULL, '0');
INSERT INTO `sys_menu` VALUES (114, '类别查看', 110, NULL, 'F', NULL, '#', 'category_view', NULL, 4, '0', 'entfrm', '2020-03-31 20:14:15', NULL, NULL, NULL, '0');
INSERT INTO `sys_menu` VALUES (115, '文章管理', 109, NULL, 'C', 'article', 'cms/article/index', NULL, 'rate', 2, '0', 'entfrm', '2020-03-31 20:15:05', NULL, NULL, NULL, '0');
INSERT INTO `sys_menu` VALUES (116, '文章添加', 115, NULL, 'F', NULL, '#', 'article_add', NULL, 1, '0', 'entfrm', '2020-03-31 20:15:25', NULL, NULL, NULL, '0');
INSERT INTO `sys_menu` VALUES (117, '文章修改', 115, NULL, 'F', NULL, '#', 'article_edit', NULL, 2, '0', 'entfrm', '2020-03-31 20:16:11', NULL, NULL, NULL, '0');
INSERT INTO `sys_menu` VALUES (118, '文章删除', 115, NULL, 'F', NULL, '#', 'article_del', NULL, 3, '0', 'entfrm', '2020-03-31 20:16:23', NULL, NULL, NULL, '0');
INSERT INTO `sys_menu` VALUES (119, '文章查看', 115, NULL, 'F', NULL, '#', 'article_view', NULL, 4, '0', 'entfrm', '2020-03-31 20:16:38', NULL, NULL, NULL, '0');
INSERT INTO `sys_menu` VALUES (120, '文章导出', 115, NULL, 'F', NULL, '#', 'article_export', NULL, 5, '0', 'entfrm', '2020-03-31 20:17:16', NULL, NULL, NULL, '0');
INSERT INTO `sys_menu` VALUES (121, '流程定义', 58, NULL, 'C', 'process', 'activiti/process/index', NULL, 'list', 2, '0', 'entfrm', '2020-04-04 22:33:12', NULL, NULL, NULL, '0');
INSERT INTO `sys_menu` VALUES (122, '模型设计', 85, NULL, 'F', NULL, '#', 'model_design', NULL, 4, '0', 'entfrm', '2020-04-04 22:36:13', NULL, NULL, NULL, '0');
INSERT INTO `sys_menu` VALUES (123, '流程图', 121, NULL, 'F', NULL, '#', 'process_img', NULL, 1, '0', 'entfrm', '2020-04-04 22:49:07', NULL, NULL, NULL, '0');
INSERT INTO `sys_menu` VALUES (124, '流程状态改变', 121, NULL, 'F', NULL, '#', 'process_change', NULL, 2, '0', 'entfrm', '2020-04-04 22:49:46', NULL, '2020-04-05 00:40:17', NULL, '0');
INSERT INTO `sys_menu` VALUES (125, '流程删除', 121, NULL, 'F', NULL, '#', 'process_del', NULL, 3, '0', 'entfrm', '2020-04-04 22:50:05', NULL, NULL, NULL, '0');
INSERT INTO `sys_menu` VALUES (126, '流程查看', 121, NULL, 'F', NULL, '#', 'process_view', NULL, 4, '0', 'entfrm', '2020-04-04 22:50:30', 'entfrm', '2020-04-04 22:50:35', NULL, '0');
INSERT INTO `sys_menu` VALUES (127, '请假管理', 58, NULL, 'C', 'leave', 'activiti/leave/index', NULL, 'tree-table', 3, '0', 'entfrm', '2020-04-04 22:51:56', NULL, NULL, NULL, '0');
INSERT INTO `sys_menu` VALUES (128, '请假新增', 127, NULL, 'F', NULL, '#', 'leave_add', NULL, 1, '0', 'entfrm', '2020-04-04 22:52:44', NULL, NULL, NULL, '0');
INSERT INTO `sys_menu` VALUES (129, '请假修改', 127, NULL, 'F', NULL, '#', 'leave_edit', NULL, 2, '0', 'entfrm', '2020-04-04 22:53:01', NULL, NULL, NULL, '0');
INSERT INTO `sys_menu` VALUES (130, '请假删除', 127, NULL, 'F', NULL, '#', 'leave_del', NULL, 3, '0', 'entfrm', '2020-04-04 22:53:13', NULL, NULL, NULL, '0');
INSERT INTO `sys_menu` VALUES (131, '请假查看', 127, NULL, 'F', NULL, '#', 'leave_view', NULL, 4, '0', 'entfrm', '2020-04-04 22:53:26', NULL, NULL, NULL, '0');
INSERT INTO `sys_menu` VALUES (132, '请假导出', 127, NULL, 'F', NULL, '#', 'leave_export', NULL, 5, '0', 'entfrm', '2020-04-04 22:53:45', NULL, NULL, NULL, '0');
INSERT INTO `sys_menu` VALUES (133, '流程任务', 58, NULL, 'C', 'task', 'activiti/task/index', NULL, 'checkbox', 4, '0', 'entfrm', '2020-04-04 22:55:03', NULL, NULL, NULL, '0');
INSERT INTO `sys_menu` VALUES (134, '审批', 133, NULL, 'F', NULL, '#', 'task_check', NULL, 1, '0', 'entfrm', '2020-04-04 22:56:31', NULL, NULL, NULL, '0');
INSERT INTO `sys_menu` VALUES (135, '批注', 133, NULL, 'F', NULL, '#', 'task_comment', NULL, 2, '0', 'entfrm', '2020-04-04 22:56:46', NULL, NULL, NULL, '0');
INSERT INTO `sys_menu` VALUES (136, '流程追踪', 133, NULL, 'F', NULL, '#', 'task_track', NULL, 3, '0', 'entfrm', '2020-04-04 22:57:19', NULL, '2020-04-05 13:04:51', NULL, '0');
INSERT INTO `sys_menu` VALUES (137, '任务查看', 133, NULL, 'F', NULL, '#', 'task_view', NULL, 4, '0', 'entfrm', '2020-04-04 22:57:19', NULL, '2020-04-05 13:04:59', NULL, '0');

-- ----------------------------
-- Table structure for sys_msginfo
-- ----------------------------
DROP TABLE IF EXISTS `sys_msginfo`;
CREATE TABLE `sys_msginfo`  (
  `id` int(11) NOT NULL AUTO_INCREMENT COMMENT '编号',
  `title` varchar(120) CHARACTER SET utf8 COLLATE utf8_general_ci NULL DEFAULT NULL COMMENT '消息标题',
  `type` char(1) CHARACTER SET utf8 COLLATE utf8_general_ci NULL DEFAULT NULL COMMENT '消息类型',
  `content` text CHARACTER SET utf8 COLLATE utf8_general_ci NULL COMMENT '内容',
  `files` varchar(255) CHARACTER SET utf8 COLLATE utf8_general_ci NULL DEFAULT NULL COMMENT '附件',
  `url` varchar(255) CHARACTER SET utf8 COLLATE utf8_general_ci NULL DEFAULT NULL COMMENT '连接',
  `dept_id` varchar(30) CHARACTER SET utf8 COLLATE utf8_general_ci NULL DEFAULT NULL COMMENT '归属机构',
  `extend` text CHARACTER SET utf8 COLLATE utf8_general_ci NULL COMMENT '扩展字段',
  `create_by` varchar(30) CHARACTER SET utf8 COLLATE utf8_general_ci NULL DEFAULT NULL COMMENT '创建人',
  `create_time` datetime(0) NULL DEFAULT CURRENT_TIMESTAMP(0) COMMENT '创建时间',
  `update_by` varchar(30) CHARACTER SET utf8 COLLATE utf8_general_ci NULL DEFAULT NULL COMMENT '修改人',
  `update_time` datetime(0) NULL DEFAULT NULL ON UPDATE CURRENT_TIMESTAMP(0) COMMENT '修改时间',
  `remarks` varchar(255) CHARACTER SET utf8 COLLATE utf8_general_ci NULL DEFAULT '' COMMENT '备注',
  `del_flag` char(1) CHARACTER SET utf8mb4 COLLATE utf8mb4_bin NULL DEFAULT '0' COMMENT '0-正常，1-删除',
  PRIMARY KEY (`id`) USING BTREE
) ENGINE = InnoDB AUTO_INCREMENT = 1 CHARACTER SET = utf8 COLLATE = utf8_general_ci ROW_FORMAT = Dynamic;

-- ----------------------------
-- Table structure for sys_msginfo_push
-- ----------------------------
DROP TABLE IF EXISTS `sys_msginfo_push`;
CREATE TABLE `sys_msginfo_push`  (
  `id` int(11) NOT NULL AUTO_INCREMENT COMMENT '编号',
  `msginfo_id` int(11) NOT NULL COMMENT '消息编号',
  `receive_id` varchar(64) CHARACTER SET utf8 COLLATE utf8_general_ci NOT NULL COMMENT '接受人',
  `is_read` char(1) CHARACTER SET utf8 COLLATE utf8_general_ci NOT NULL COMMENT '是否阅读',
  `create_time` datetime(0) NULL DEFAULT NULL COMMENT '创建时间',
  `read_time` datetime(0) NULL DEFAULT NULL COMMENT '阅读时间',
  PRIMARY KEY (`id`) USING BTREE
) ENGINE = InnoDB AUTO_INCREMENT = 1 CHARACTER SET = utf8 COLLATE = utf8_general_ci ROW_FORMAT = Dynamic;

-- ----------------------------
-- Table structure for sys_msginfo_template
-- ----------------------------
DROP TABLE IF EXISTS `sys_msginfo_template`;
CREATE TABLE `sys_msginfo_template`  (
  `id` int(11) NOT NULL AUTO_INCREMENT,
  `name` varchar(30) CHARACTER SET utf8mb4 COLLATE utf8mb4_general_ci NULL DEFAULT NULL COMMENT '模板名称',
  `type` varchar(16) CHARACTER SET utf8mb4 COLLATE utf8mb4_general_ci NULL DEFAULT NULL COMMENT '模板类型',
  `tpl_key` varchar(100) CHARACTER SET utf8mb4 COLLATE utf8mb4_general_ci NULL DEFAULT NULL COMMENT '模板键值',
  `tpl_content` text CHARACTER SET utf8mb4 COLLATE utf8mb4_general_ci NULL COMMENT '模板内容',
  `status` char(1) CHARACTER SET utf8mb4 COLLATE utf8mb4_general_ci NULL DEFAULT '0' COMMENT '状态',
  `create_by` varchar(30) CHARACTER SET utf8 COLLATE utf8_general_ci NULL DEFAULT NULL COMMENT '创建人',
  `create_time` datetime(0) NULL DEFAULT CURRENT_TIMESTAMP(0) COMMENT '创建时间',
  `update_by` varchar(30) CHARACTER SET utf8 COLLATE utf8_general_ci NULL DEFAULT NULL COMMENT '修改人',
  `update_time` datetime(0) NULL DEFAULT NULL ON UPDATE CURRENT_TIMESTAMP(0) COMMENT '修改时间',
  `remarks` varchar(255) CHARACTER SET utf8 COLLATE utf8_general_ci NULL DEFAULT '' COMMENT '备注',
  `del_flag` char(1) CHARACTER SET utf8mb4 COLLATE utf8mb4_bin NULL DEFAULT '0' COMMENT '0-正常，1-删除',
  PRIMARY KEY (`id`) USING BTREE
) ENGINE = InnoDB AUTO_INCREMENT = 1 CHARACTER SET = utf8 COLLATE = utf8_general_ci ROW_FORMAT = Dynamic;

-- ----------------------------
-- Table structure for sys_oper_log
-- ----------------------------
DROP TABLE IF EXISTS `sys_oper_log`;
CREATE TABLE `sys_oper_log`  (
  `id` int(11) NOT NULL AUTO_INCREMENT COMMENT '日志编号',
  `type` varchar(10) CHARACTER SET utf8 COLLATE utf8_general_ci NULL DEFAULT '1' COMMENT '日志类型',
  `title` varchar(255) CHARACTER SET utf8 COLLATE utf8_general_ci NULL DEFAULT '' COMMENT '日志标题',
  `method` varchar(100) CHARACTER SET utf8mb4 COLLATE utf8mb4_general_ci NULL DEFAULT '' COMMENT '方法名称',
  `user_agent` text CHARACTER SET utf8 COLLATE utf8_general_ci NULL COMMENT '用户代理',
  `oper_name` varchar(50) CHARACTER SET utf8mb4 COLLATE utf8mb4_general_ci NULL DEFAULT '' COMMENT '操作人员',
  `client_id` varchar(50) CHARACTER SET utf8mb4 COLLATE utf8mb4_general_ci NULL DEFAULT '' COMMENT '终端',
  `oper_url` varchar(255) CHARACTER SET utf8mb4 COLLATE utf8mb4_general_ci NULL DEFAULT '' COMMENT '请求URL',
  `oper_ip` varchar(50) CHARACTER SET utf8mb4 COLLATE utf8mb4_general_ci NULL DEFAULT '' COMMENT '主机地址',
  `oper_addr` varchar(255) CHARACTER SET utf8mb4 COLLATE utf8mb4_general_ci NULL DEFAULT '' COMMENT '操作地点',
  `oper_param` text CHARACTER SET utf8mb4 COLLATE utf8mb4_general_ci NULL COMMENT '请求参数',
  `status` int(1) NULL DEFAULT 0 COMMENT '操作状态（0正常 1异常）',
  `error_msg` text CHARACTER SET utf8mb4 COLLATE utf8mb4_general_ci NULL COMMENT '错误消息',
  `execute_time` varchar(20) CHARACTER SET utf8mb4 COLLATE utf8mb4_general_ci NULL DEFAULT NULL COMMENT '执行时间',
  `oper_time` datetime(0) NULL DEFAULT NULL COMMENT '操作时间',
  PRIMARY KEY (`id`) USING BTREE
) ENGINE = InnoDB AUTO_INCREMENT = 337 CHARACTER SET = utf8 COLLATE = utf8_general_ci ROW_FORMAT = Dynamic;

-- ----------------------------
-- Table structure for sys_role
-- ----------------------------
DROP TABLE IF EXISTS `sys_role`;
CREATE TABLE `sys_role`  (
  `id` int(11) NOT NULL AUTO_INCREMENT,
  `name` varchar(60) CHARACTER SET utf8mb4 COLLATE utf8mb4_bin NOT NULL COMMENT '角色名称',
  `code` varchar(60) CHARACTER SET utf8mb4 COLLATE utf8mb4_bin NOT NULL COMMENT '角色代码',
  `data_scope` char(1) CHARACTER SET utf8mb4 COLLATE utf8mb4_bin NOT NULL DEFAULT '2' COMMENT '数据权限范围',
  `sort` int(11) NULL DEFAULT NULL COMMENT '排序',
  `status` char(1) CHARACTER SET utf8mb4 COLLATE utf8mb4_general_ci NULL DEFAULT '0' COMMENT '状态',
  `create_by` varchar(30) CHARACTER SET utf8 COLLATE utf8_general_ci NULL DEFAULT NULL COMMENT '创建人',
  `create_time` datetime(0) NULL DEFAULT NULL COMMENT '创建时间',
  `update_by` varchar(30) CHARACTER SET utf8 COLLATE utf8_general_ci NULL DEFAULT NULL COMMENT '修改人',
  `update_time` datetime(0) NULL DEFAULT NULL ON UPDATE CURRENT_TIMESTAMP(0) COMMENT '修改时间',
  `remarks` varchar(255) CHARACTER SET utf8mb4 COLLATE utf8mb4_bin NULL DEFAULT NULL COMMENT '备注',
  `del_flag` char(1) CHARACTER SET utf8mb4 COLLATE utf8mb4_bin NULL DEFAULT '0' COMMENT '删除标识（0-正常,1-删除）',
  PRIMARY KEY (`id`) USING BTREE
) ENGINE = InnoDB AUTO_INCREMENT = 3 CHARACTER SET = utf8mb4 COLLATE = utf8mb4_general_ci ROW_FORMAT = Dynamic;

-- ----------------------------
-- Records of sys_role
-- ----------------------------
INSERT INTO `sys_role` VALUES (1, '管理员', 'admin', '1', 1, '0', 'entfrm', '2020-03-13 20:54:34', 'entfrm', '2020-03-13 20:54:50', NULL, '0');
INSERT INTO `sys_role` VALUES (2, '测试角色', 'test', '2', 1, '0', 'entfrm', '2020-03-14 18:15:51', 'entfrm', '2020-03-19 18:33:17', NULL, '0');

-- ----------------------------
-- Table structure for sys_role_dept
-- ----------------------------
DROP TABLE IF EXISTS `sys_role_dept`;
CREATE TABLE `sys_role_dept`  (
  `role_id` int(11) NOT NULL COMMENT '角色ID',
  `dept_id` int(11) NOT NULL COMMENT '部门ID'
) ENGINE = InnoDB CHARACTER SET = utf8mb4 COLLATE = utf8mb4_general_ci ROW_FORMAT = Dynamic;

-- ----------------------------
-- Records of sys_role_dept
-- ----------------------------
INSERT INTO `sys_role_dept` VALUES (2, 2);

-- ----------------------------
-- Table structure for sys_role_menu
-- ----------------------------
DROP TABLE IF EXISTS `sys_role_menu`;
CREATE TABLE `sys_role_menu`  (
  `role_id` int(11) NULL DEFAULT NULL,
  `menu_id` int(11) NULL DEFAULT NULL
) ENGINE = InnoDB CHARACTER SET = utf8mb4 COLLATE = utf8mb4_general_ci ROW_FORMAT = Dynamic;

-- ----------------------------
-- Records of sys_role_menu
-- ----------------------------
INSERT INTO `sys_role_menu` VALUES (2, 16);
INSERT INTO `sys_role_menu` VALUES (2, 7);
INSERT INTO `sys_role_menu` VALUES (2, 3);
INSERT INTO `sys_role_menu` VALUES (2, 1);
INSERT INTO `sys_role_menu` VALUES (2, 5);
INSERT INTO `sys_role_menu` VALUES (1, 1);
INSERT INTO `sys_role_menu` VALUES (1, 4);
INSERT INTO `sys_role_menu` VALUES (1, 8);
INSERT INTO `sys_role_menu` VALUES (1, 9);
INSERT INTO `sys_role_menu` VALUES (1, 10);
INSERT INTO `sys_role_menu` VALUES (1, 11);
INSERT INTO `sys_role_menu` VALUES (1, 12);
INSERT INTO `sys_role_menu` VALUES (1, 5);
INSERT INTO `sys_role_menu` VALUES (1, 13);
INSERT INTO `sys_role_menu` VALUES (1, 14);
INSERT INTO `sys_role_menu` VALUES (1, 15);
INSERT INTO `sys_role_menu` VALUES (1, 16);
INSERT INTO `sys_role_menu` VALUES (1, 17);
INSERT INTO `sys_role_menu` VALUES (1, 6);
INSERT INTO `sys_role_menu` VALUES (1, 18);
INSERT INTO `sys_role_menu` VALUES (1, 19);
INSERT INTO `sys_role_menu` VALUES (1, 20);
INSERT INTO `sys_role_menu` VALUES (1, 21);
INSERT INTO `sys_role_menu` VALUES (1, 22);
INSERT INTO `sys_role_menu` VALUES (1, 23);
INSERT INTO `sys_role_menu` VALUES (1, 24);
INSERT INTO `sys_role_menu` VALUES (1, 7);
INSERT INTO `sys_role_menu` VALUES (1, 25);
INSERT INTO `sys_role_menu` VALUES (1, 26);
INSERT INTO `sys_role_menu` VALUES (1, 27);
INSERT INTO `sys_role_menu` VALUES (1, 28);
INSERT INTO `sys_role_menu` VALUES (1, 29);
INSERT INTO `sys_role_menu` VALUES (1, 30);
INSERT INTO `sys_role_menu` VALUES (1, 31);
INSERT INTO `sys_role_menu` VALUES (1, 32);
INSERT INTO `sys_role_menu` VALUES (1, 33);
INSERT INTO `sys_role_menu` VALUES (1, 34);
INSERT INTO `sys_role_menu` VALUES (1, 35);
INSERT INTO `sys_role_menu` VALUES (1, 36);
INSERT INTO `sys_role_menu` VALUES (1, 37);
INSERT INTO `sys_role_menu` VALUES (1, 38);
INSERT INTO `sys_role_menu` VALUES (1, 39);
INSERT INTO `sys_role_menu` VALUES (1, 40);
INSERT INTO `sys_role_menu` VALUES (1, 41);
INSERT INTO `sys_role_menu` VALUES (1, 42);
INSERT INTO `sys_role_menu` VALUES (1, 43);
INSERT INTO `sys_role_menu` VALUES (1, 105);
INSERT INTO `sys_role_menu` VALUES (1, 106);
INSERT INTO `sys_role_menu` VALUES (1, 107);
INSERT INTO `sys_role_menu` VALUES (1, 108);
INSERT INTO `sys_role_menu` VALUES (1, 44);
INSERT INTO `sys_role_menu` VALUES (1, 73);
INSERT INTO `sys_role_menu` VALUES (1, 74);
INSERT INTO `sys_role_menu` VALUES (1, 75);
INSERT INTO `sys_role_menu` VALUES (1, 76);
INSERT INTO `sys_role_menu` VALUES (1, 77);
INSERT INTO `sys_role_menu` VALUES (1, 45);
INSERT INTO `sys_role_menu` VALUES (1, 59);
INSERT INTO `sys_role_menu` VALUES (1, 60);
INSERT INTO `sys_role_menu` VALUES (1, 61);
INSERT INTO `sys_role_menu` VALUES (1, 62);
INSERT INTO `sys_role_menu` VALUES (1, 46);
INSERT INTO `sys_role_menu` VALUES (1, 69);
INSERT INTO `sys_role_menu` VALUES (1, 70);
INSERT INTO `sys_role_menu` VALUES (1, 71);
INSERT INTO `sys_role_menu` VALUES (1, 72);
INSERT INTO `sys_role_menu` VALUES (1, 48);
INSERT INTO `sys_role_menu` VALUES (1, 96);
INSERT INTO `sys_role_menu` VALUES (1, 97);
INSERT INTO `sys_role_menu` VALUES (1, 98);
INSERT INTO `sys_role_menu` VALUES (1, 99);
INSERT INTO `sys_role_menu` VALUES (1, 100);
INSERT INTO `sys_role_menu` VALUES (1, 101);
INSERT INTO `sys_role_menu` VALUES (1, 102);
INSERT INTO `sys_role_menu` VALUES (1, 103);
INSERT INTO `sys_role_menu` VALUES (1, 104);
INSERT INTO `sys_role_menu` VALUES (1, 49);
INSERT INTO `sys_role_menu` VALUES (1, 50);
INSERT INTO `sys_role_menu` VALUES (1, 51);
INSERT INTO `sys_role_menu` VALUES (1, 52);
INSERT INTO `sys_role_menu` VALUES (1, 53);
INSERT INTO `sys_role_menu` VALUES (1, 63);
INSERT INTO `sys_role_menu` VALUES (1, 64);
INSERT INTO `sys_role_menu` VALUES (1, 65);
INSERT INTO `sys_role_menu` VALUES (1, 54);
INSERT INTO `sys_role_menu` VALUES (1, 66);
INSERT INTO `sys_role_menu` VALUES (1, 67);
INSERT INTO `sys_role_menu` VALUES (1, 68);
INSERT INTO `sys_role_menu` VALUES (1, 3);
INSERT INTO `sys_role_menu` VALUES (1, 55);
INSERT INTO `sys_role_menu` VALUES (1, 78);
INSERT INTO `sys_role_menu` VALUES (1, 81);
INSERT INTO `sys_role_menu` VALUES (1, 82);
INSERT INTO `sys_role_menu` VALUES (1, 83);
INSERT INTO `sys_role_menu` VALUES (1, 84);
INSERT INTO `sys_role_menu` VALUES (1, 79);
INSERT INTO `sys_role_menu` VALUES (1, 90);
INSERT INTO `sys_role_menu` VALUES (1, 91);
INSERT INTO `sys_role_menu` VALUES (1, 92);
INSERT INTO `sys_role_menu` VALUES (1, 93);
INSERT INTO `sys_role_menu` VALUES (1, 94);
INSERT INTO `sys_role_menu` VALUES (1, 95);
INSERT INTO `sys_role_menu` VALUES (1, 80);
INSERT INTO `sys_role_menu` VALUES (1, 56);
INSERT INTO `sys_role_menu` VALUES (1, 57);
INSERT INTO `sys_role_menu` VALUES (1, 58);
INSERT INTO `sys_role_menu` VALUES (1, 85);
INSERT INTO `sys_role_menu` VALUES (1, 86);
INSERT INTO `sys_role_menu` VALUES (1, 87);
INSERT INTO `sys_role_menu` VALUES (1, 88);
INSERT INTO `sys_role_menu` VALUES (1, 122);
INSERT INTO `sys_role_menu` VALUES (1, 89);
INSERT INTO `sys_role_menu` VALUES (1, 121);
INSERT INTO `sys_role_menu` VALUES (1, 123);
INSERT INTO `sys_role_menu` VALUES (1, 124);
INSERT INTO `sys_role_menu` VALUES (1, 125);
INSERT INTO `sys_role_menu` VALUES (1, 126);
INSERT INTO `sys_role_menu` VALUES (1, 127);
INSERT INTO `sys_role_menu` VALUES (1, 128);
INSERT INTO `sys_role_menu` VALUES (1, 129);
INSERT INTO `sys_role_menu` VALUES (1, 130);
INSERT INTO `sys_role_menu` VALUES (1, 131);
INSERT INTO `sys_role_menu` VALUES (1, 132);
INSERT INTO `sys_role_menu` VALUES (1, 133);
INSERT INTO `sys_role_menu` VALUES (1, 109);
INSERT INTO `sys_role_menu` VALUES (1, 110);
INSERT INTO `sys_role_menu` VALUES (1, 111);
INSERT INTO `sys_role_menu` VALUES (1, 112);
INSERT INTO `sys_role_menu` VALUES (1, 113);
INSERT INTO `sys_role_menu` VALUES (1, 114);
INSERT INTO `sys_role_menu` VALUES (1, 115);
INSERT INTO `sys_role_menu` VALUES (1, 116);
INSERT INTO `sys_role_menu` VALUES (1, 117);
INSERT INTO `sys_role_menu` VALUES (1, 118);
INSERT INTO `sys_role_menu` VALUES (1, 119);
INSERT INTO `sys_role_menu` VALUES (1, 120);
INSERT INTO `sys_role_menu` VALUES (1, 2);
INSERT INTO `sys_role_menu` VALUES (1, 134);
INSERT INTO `sys_role_menu` VALUES (1, 135);
INSERT INTO `sys_role_menu` VALUES (1, 136);
INSERT INTO `sys_role_menu` VALUES (1, 137);

-- ----------------------------
-- Table structure for sys_shortcut
-- ----------------------------
DROP TABLE IF EXISTS `sys_shortcut`;
CREATE TABLE `sys_shortcut`  (
  `id` int(11) NOT NULL AUTO_INCREMENT,
  `name` varchar(30) CHARACTER SET utf8 COLLATE utf8_general_ci NULL DEFAULT NULL COMMENT '名称',
  `region` varchar(20) CHARACTER SET utf8 COLLATE utf8_general_ci NULL DEFAULT NULL COMMENT '区域',
  `icon` varchar(255) CHARACTER SET utf8 COLLATE utf8_general_ci NULL DEFAULT NULL COMMENT '图标',
  `path` varchar(120) CHARACTER SET utf8 COLLATE utf8_general_ci NULL DEFAULT NULL COMMENT '路径',
  `sort` int(11) NULL DEFAULT NULL COMMENT '顺序',
  `create_by` varchar(64) CHARACTER SET utf8mb4 COLLATE utf8mb4_general_ci NULL DEFAULT '' COMMENT '创建者',
  `create_time` datetime(0) NULL DEFAULT NULL COMMENT '创建时间',
  `update_by` varchar(64) CHARACTER SET utf8mb4 COLLATE utf8mb4_general_ci NULL DEFAULT '' COMMENT '更新者',
  `update_time` datetime(0) NULL DEFAULT NULL COMMENT '更新时间',
  `remarks` varchar(500) CHARACTER SET utf8mb4 COLLATE utf8mb4_general_ci NULL DEFAULT NULL COMMENT '备注',
  `del_flag` char(1) CHARACTER SET utf8mb4 COLLATE utf8mb4_bin NULL DEFAULT '0' COMMENT '0-正常，1-删除',
  PRIMARY KEY (`id`) USING BTREE
) ENGINE = InnoDB AUTO_INCREMENT = 2 CHARACTER SET = utf8 COLLATE = utf8_general_ci ROW_FORMAT = Dynamic;

-- ----------------------------
-- Records of sys_shortcut
-- ----------------------------
INSERT INTO `sys_shortcut` VALUES (1, '登录日志', '1', 'form', '/system/loginLog', 1, 'entfrm', '2020-03-27 10:09:11', '', '2020-03-27 10:12:39', '1', '0');

-- ----------------------------
-- Table structure for sys_user
-- ----------------------------
DROP TABLE IF EXISTS `sys_user`;
CREATE TABLE `sys_user`  (
  `id` int(11) NOT NULL AUTO_INCREMENT COMMENT '用户ID',
  `user_name` varchar(30) CHARACTER SET utf8mb4 COLLATE utf8mb4_general_ci NULL DEFAULT NULL COMMENT '用户账号',
  `nick_name` varchar(30) CHARACTER SET utf8mb4 COLLATE utf8mb4_general_ci NULL DEFAULT NULL COMMENT '用户昵称',
  `type` varchar(2) CHARACTER SET utf8mb4 COLLATE utf8mb4_general_ci NULL DEFAULT '00' COMMENT '用户类型（00系统用户）',
  `password` varchar(100) CHARACTER SET utf8mb4 COLLATE utf8mb4_general_ci NULL DEFAULT '' COMMENT '密码',
  `dept_id` int(11) NULL DEFAULT NULL COMMENT '机构ID',
  `dept_name` varchar(120) CHARACTER SET utf8mb4 COLLATE utf8mb4_general_ci NULL DEFAULT NULL COMMENT '机构名称',
  `email` varchar(50) CHARACTER SET utf8mb4 COLLATE utf8mb4_general_ci NULL DEFAULT '' COMMENT '用户邮箱',
  `phone` varchar(11) CHARACTER SET utf8mb4 COLLATE utf8mb4_general_ci NULL DEFAULT '' COMMENT '手机号码',
  `sex` char(1) CHARACTER SET utf8mb4 COLLATE utf8mb4_general_ci NULL DEFAULT '0' COMMENT '用户性别（0男 1女 2未知）',
  `avatar` varchar(100) CHARACTER SET utf8mb4 COLLATE utf8mb4_general_ci NULL DEFAULT '' COMMENT '头像地址',
  `status` char(1) CHARACTER SET utf8mb4 COLLATE utf8mb4_general_ci NULL DEFAULT '0' COMMENT '帐号状态（0正常 1停用）',
  `login_ip` varchar(50) CHARACTER SET utf8mb4 COLLATE utf8mb4_general_ci NULL DEFAULT '' COMMENT '最后登陆IP',
  `login_time` datetime(0) NULL DEFAULT NULL COMMENT '最后登陆时间',
  `create_by` varchar(64) CHARACTER SET utf8mb4 COLLATE utf8mb4_general_ci NULL DEFAULT '' COMMENT '创建者',
  `create_time` datetime(0) NULL DEFAULT NULL COMMENT '创建时间',
  `update_by` varchar(64) CHARACTER SET utf8mb4 COLLATE utf8mb4_general_ci NULL DEFAULT '' COMMENT '更新者',
  `update_time` datetime(0) NULL DEFAULT NULL COMMENT '更新时间',
  `remarks` varchar(500) CHARACTER SET utf8mb4 COLLATE utf8mb4_general_ci NULL DEFAULT NULL COMMENT '备注',
  `del_flag` char(1) CHARACTER SET utf8mb4 COLLATE utf8mb4_general_ci NULL DEFAULT '0' COMMENT '删除标志（0代表存在 1代表删除）',
  PRIMARY KEY (`id`) USING BTREE
) ENGINE = InnoDB AUTO_INCREMENT = 8 CHARACTER SET = utf8mb4 COLLATE = utf8mb4_general_ci COMMENT = '用户信息表' ROW_FORMAT = Dynamic;

-- ----------------------------
-- Records of sys_user
-- ----------------------------
INSERT INTO `sys_user` VALUES (1, 'entfrm', '管理员', '00', '$2a$10$N0EAFRVjSYipHK/HDqzuEuVJZBabVTD7Z.NrXrnas984.1wjkaLK.', 1, '重庆总公司', '111@qq.com', '15611111111', '0', 'http://localhost:8888/profile/avatar/avatar1585318399181.png', '0', '', NULL, 'entfrm', '2020-03-13 20:56:44', '', NULL, NULL, '0');
INSERT INTO `sys_user` VALUES (2, 'test01', '测试01', '00', '$2a$10$Yq7NRB8VO4n1AxcThlwJweM1WE8fwvFRl0krQkNihGxiCRW/Gfp/.', 1, '重庆总公司', '', '', '0', '', '0', '', NULL, 'entfrm', '2020-03-14 18:14:11', '', NULL, NULL, '0');
INSERT INTO `sys_user` VALUES (3, 'test02', '测试02', '00', '', 3, NULL, '222@qq.com', '15622222222', '0', '', '0', '', NULL, NULL, NULL, '', '2020-03-16 11:49:31', '123', '1');
INSERT INTO `sys_user` VALUES (4, 'test03', '测试03', '00', '$2a$10$9fdDK5mw3ruAoPiZMrDL9.pWvxJ/97NBAT3Gwbe3SG/BqPv8wyoa6', 3, NULL, '333@qq.com', '15633333333', '0', '', '1', '', NULL, 'entfrm', '2020-03-17 12:52:21', '', NULL, NULL, '1');
INSERT INTO `sys_user` VALUES (5, '测试03', 'test03', '00', '$2a$10$AfdE4AEdACZZMwMlpre/ueVAOTCJYGzaONKyp4iv4BId1jrljVI7q', 3, '昆明分公司', '333@qq.com', '15633333333', '0', '', '1', '', NULL, 'entfrm', '2020-03-19 17:47:31', '', '2020-03-19 18:32:46', NULL, '0');
INSERT INTO `sys_user` VALUES (7, 'test04', '测试04', '00', '$2a$10$44Iptk07l4Y26/67.etGROK3oQipGnEPRt8zeJejjt1m9I8zB6LCS', 3, '昆明分公司', '123', '156', '1', '', '0', '', NULL, 'entfrm', '2020-03-27 21:22:26', '', NULL, NULL, '0');

-- ----------------------------
-- Table structure for sys_user_role
-- ----------------------------
DROP TABLE IF EXISTS `sys_user_role`;
CREATE TABLE `sys_user_role`  (
  `user_id` int(11) NULL DEFAULT NULL,
  `role_id` int(11) NULL DEFAULT NULL
) ENGINE = InnoDB CHARACTER SET = utf8mb4 COLLATE = utf8mb4_general_ci ROW_FORMAT = Dynamic;

-- ----------------------------
-- Records of sys_user_role
-- ----------------------------
INSERT INTO `sys_user_role` VALUES (1, 1);
INSERT INTO `sys_user_role` VALUES (2, 2);
INSERT INTO `sys_user_role` VALUES (4, 2);
INSERT INTO `sys_user_role` VALUES (3, 2);
INSERT INTO `sys_user_role` VALUES (5, 2);

SET FOREIGN_KEY_CHECKS = 1;
